তাহ	4292	false	canonical	tah	টাহ	DICTIONARY	টাহ|তাহলে|তাহার|তাহা|তাহাকে|তাহারা	oov,dental_retroflex
সদাপ্রভু	3200	false	canonical	sodaprobhu	সদাপ্রস্তুত	DICTIONARY	সদাপ্রস্তুত|সদা|সোডা|সদাই|সদাজাগ্রত	oov,conjunct_shape
সদাপ্রভু	3200	false	typist	sodaprovu	সদাপ্রস্তুত	DICTIONARY	সদাপ্রস্তুত|সদা|সোডা|সদাই|সদানন্দপুর|সদাজাগ্রত	oov,conjunct_shape
সদাপ্রভুর	2710	false	canonical	sodaprobhur	সদাপ্রস্তুত	DICTIONARY	সদাপ্রস্তুত|সদা|সোডা|সদাই|সদানন্দপুর	oov,conjunct_shape
সদাপ্রভুর	2710	false	typist	sodaprovur	সদাপ্রস্তুত	DICTIONARY	সদাপ্রস্তুত|সদা|সোডা|সদাই|সদানন্দপুর	oov,conjunct_shape
তাহদের	2480	false	canonical	tahoder	তাহাদের	DICTIONARY	তাহাদের|তাহলে|তাহলেই|তাহলেও|তাহা দের	oov,inflected
হইয়	2239	false	canonical	hoiy	হৈয়	DICTIONARY	হৈয়|হইয়া|হইয়াছে|হইয়াছিল|হইয়াছিলেন|হইয়াছেন	oov
দেশ	2024	true	typist	des	দেস	DICTIONARY	দেস|ডেস|দ্বেষ|দেছ|দেশের|des	sibilant
ক্লী	1911	false	canonical	klii	কলী	RULE	কলী|কলি|ক্লীবলিঙ্গ|ক্লীব|কলই|কলও	oov,conjunct_shape
ক্লী	1911	false	typist	kli	কলি	RULE	কলি|কলী|ক্লিনিক|ক্লিক|কলই|কলও	oov,conjunct_shape
বেশ	1608	true	typist	bes	বেস	DICTIONARY	বেস|বয়েস|বেচছ|বেশি|বেশী|বেশিরভাগ	sibilant
আশা	1304	true	typist	asa	আসা	DICTIONARY	আসা|আসায়|আচ্ছা|আস্হা|আসার|আসাম	sibilant,vowel_initial
শুন	1217	true	typist	sun	সুন	DICTIONARY	সুন|শূন্য|শুন্য|শূণ্য|শুণ্য|sun	sibilant
ইস্রায়েলের	1048	false	canonical	israyeler	ইসরায়েলের	DICTIONARY	ইসরায়েলের|ইসরায়েলের	oov,conjunct_shape,inflected,vowel_initial
তাহীদের	972	false	typist	tahider	তাওহিদের	DICTIONARY	তাওহিদের|তাহির|তাওহীদের|তাহিরপুর|তাহিতিতে|তাহিদের	oov,inflected
অংশ	964	true	typist	ongs	অংস	DICTIONARY	অংস|অংশে|অংশগ্রহণ|অংশের|অংশীদার|অংশটি	sibilant,vowel_initial
র্তাহার	912	false	canonical	rtahar	র্যাপার	DICTIONARY	র্যাপার|র্ফামার|র্কোটপাড়ার	oov
নবীনচন্দ্রের	847	false	typist	nobinochondrer	নবীনচন্দ্র	DICTIONARY	নবীনচন্দ্র|নবীনগর|নবীনদের|নবীনতম|নবিনচন্দ্রের	oov,long_compound,inflected
খৃ	846	false	canonical	khrri	কেরি	ENGLISH_LEXICON	কেরি|খৃষ্টান|খৃষ্টাব্দ|খৃষ্ট|খৃস্টান|kerri	oov
ষে	842	false	canonical	she	শে	DICTIONARY	শে|শয়ে|শেষ|শেখ|শেষে|she	oov,sibilant
ষে	842	false	typist	se	সে	DICTIONARY	সে|সড়ে|সয়ে|সৈ|শেই|সেঁক	oov,sibilant
যন্ত	624	false	canonical	zont	যত্ন	DICTIONARY	যত্ন|যন্ত্র|যন্ত্রণা|যন্ত্রপাতি|যন্ত্রের|জন্ত	oov
যন্ত	624	false	typist	jont	জন্তু	DICTIONARY	জন্তু|যন্ত্র|জন্তুর|জন্তুটা|জন্তুটি|জন্ত	oov
লইয়	591	false	canonical	loiy	লেই	RULE	লেই|লইয়া|লইয়াই|লইয়াছিলেন|লইয়াছে|লইয়াছি	oov
অপেক্ষ	584	false	canonical	opekkh	অপেক্ষা	DICTIONARY	অপেক্ষা|অপেক্ষাকৃত|অপেক্ষক|অপেক্ষমান|অপেক্ষায়|ওপেক্ষ	oov,vowel_initial
ক্ত	523	false	canonical	kt	কত	RULE	কত|কট|কতই|কতক|কতকাল|কতকটা	oov,conjunct_shape
তাছার	516	false	typist	tachar	তাহার	DICTIONARY	তাহার|টাচ|তাছাড়া|তাছাড়াও|তাচ্ছিল্য|তাচার	oov
পরিষ্কার	516	true	typist	poriskar	পরিস্কার	DICTIONARY	পরিস্কার|পরিষ্কারক|পরিষ্কারভাবে|পরিষ্কারের|পরিষ্কারকরণ|পরিষ্কারে	sibilant
কর্ম্ম	506	false	canonical	kormm	করা	ENGLISH_LEXICON	করা|কর্মকর্তা|কর্মী|কর্মসূচি|করই|kora	oov,conjunct_shape
স্বত্র	499	false	canonical	swotr	স্বতের	DICTIONARY	স্বতের|স্বতন্ত্র|স্বত্ব|স্বতঃস্ফূর্ত	oov,conjunct_shape
স্বরবিতান	499	false	canonical	sworobitan	সওয়রবিতান	CLEAN_TRANSLITERATION	সওয়রবিতান|স্বরবর্ণ|স্বরবিতানের|স্বরবর্ণের|স্বরভঙ্গি|স্বরবৃত্ত	oov,conjunct_shape
বহুব্রী	496	false	canonical	bohubrii	বহুব্রীহি	DICTIONARY	বহুব্রীহি|বহুবার|বহুবচন|বহুবিধ|বহুব্রীহিতে|বহুবর্ষী	oov
বহুব্রী	496	false	typist	bohubri	বহুব্রি	CLEAN_TRANSLITERATION	বহুব্রি|বহুব্রীহি|বহুবার|বহুবচন|বহুবিধ	oov,vowel_length
ঘঞ	472	false	canonical	ghon	ঘন	DICTIONARY	ঘন|ঘণ্টা|ঘন্টা|ঘণ্টার|ঘনত্ব|ঘনিষ্ঠ	oov
শূন্ত	471	false	canonical	shuunt	শান্ট	ENGLISH_LEXICON	শান্ট|শূন্য|শূন্যতা|শূন্যে|shunt|সূত	oov
শূন্ত	471	false	typist	sunt	ছুঁত	DICTIONARY	ছুঁত|শুনতে|ছুঁতে|শুনতেই|সুন্নত|শুনতাম	oov,conjunct_shape
সামান্ত	460	false	canonical	samant	সভন্ট	ENGLISH_LEXICON	সভন্ট|সামান্তরিক|সামান্থা|সামান্য|সামান্থার|savant	oov
অচ	456	false	canonical	och	ওচ	DICTIONARY	ওচ|অচ্ছ|অচল|অচেনা|অচেতন|অচলাবস্থা	oov,vowel_initial
তােমার	456	false	canonical	taemar	তামার	DICTIONARY	তামার|তামাং|টায়েটায়ে|তামাউক|তামাইয়ো|তামাংকে	oov
তজ্জন্ত	433	false	canonical	tojjont	তজ্জন্য	DICTIONARY	তজ্জন্য|তজ্জনিত|তজ্জলী	oov
মোশি	432	true	typist	mosi	মোসি	DICTIONARY	মোসি|মসি|মসী|মসিউর|মসিনা|মসিবত	sibilant
অব্য	418	false	canonical	oby	ওবয়	DICTIONARY	ওবয়|অব্যাহত|অব্যাহতি|অব্যবহিত|অব্যক্ত|অব্যয়	oov,conjunct_shape,vowel_initial
লোকদিগকে	413	false	canonical	lokodigoke	লোক দিগকে	DICTIONARY	লোক দিগকে|লোকদের|লোকদেরকে|লোকধর্ম|লকদিগকে	oov,split,inflected
পূর্ব্বে	391	false	typist	purbbe	পুর্ববে	DICTIONARY	পুর্ববে|পুরবে|পূর্ব্বের|পুড়বই|পুড়বি|পুড়বে	oov,conjunct_shape,inflected
ভীত	391	true	typist	vit	ভিত	DICTIONARY	ভিত	vowel_length
সন্তানগণ	378	false	canonical	sontanogon	সন্তান গণ	DICTIONARY	সন্তান গণ|সন্তানদের|সন্তানকে|সন্তানও|সন্তান গন|সন্তানগন	oov,split
দিই	372	true	typist	di	ডি	DICTIONARY	ডি|ডী|দি|দিয়|দড়ি|দ্বি	ranking_other
সৈন্ত	368	false	canonical	soint	সেন্ট	RULE	সেন্ট|সৈন্য|সৈনিক|সৈন্যদের	oov
ধর্ম্ম	356	false	canonical	dhormm	ডর্ম	ENGLISH_LEXICON	ডর্ম|ধর্মের|ধর্মাবলম্বী|ধর্মীয়|dorm|ধর্ম	oov,conjunct_shape
অণ	355	false	canonical	on	অন	DICTIONARY	অন|ওন|অনড়|অয়ন|ওঁ|অন্য	oov,na_nna,vowel_initial
শিচ	351	false	typist	sich	সুইচ	DICTIONARY	সুইচ|সিচুয়ান|সিচুয়েশন|সিচ	oov
সন্তানগণের	348	false	canonical	sontanogoner	সন্তান গণের	DICTIONARY	সন্তান গণের|সন্তানদের|সন্তানকে|সন্তানও|সন্তান গনের|সন্তানগনের	oov,split,inflected
দাড়াইয়া	346	false	canonical	daraiya	দাঁড়াইয়া	DICTIONARY	দাঁড়াইয়া|দাঁড়াইয়াছে|দাঁড়াইয়াছিল|দাঁড়াইয়া	oov
পাশ	344	true	typist	pas	পাস	DICTIONARY	পাস|পায়স|পাচ্ছ|পাছ|পাশে|pas	sibilant
বিষয়শ্রেণী	343	false	typist	bisoyosreni	বিষয় শ্রেণি	DICTIONARY	বিষয় শ্রেণি|বিষয়সমূহ|বিষয়সমূহের|বিষয়সহ|বিষয় শ্রেনি|বিষয় শ্রেণি	oov,split,vowel_length
দায়ুদের	341	false	canonical	dayuder	দয়ায়দের	DICTIONARY	দয়ায়দের|দয়ায় দের|দয়ায় দের|দয়ায় দের	oov,inflected
হৈতে	333	false	canonical	hoite	হইতে	DICTIONARY	হইতে|হইতেছে|হইতেই|হইতেছিল|হইতেন|হইতেও	oov,inflected
করিয়	329	false	canonical	koriy	কোরীয়	DICTIONARY	কোরীয়|কোরিয়|করিয়া|করিয়ে|করিয়াছেন|করিয়াছিলেন	oov
বিষ	324	true	typist	bis	বিস	DICTIONARY	বিস|বিশ্ব|বিশ্বাস|বিশেষ|বিষয়ে|বিশ্বের	sibilant
হইবেক	324	false	canonical	hoibek	হইবে	DICTIONARY	হইবে|হইবার|হইবেন|হইবেই|হইবই|হৈবেক	oov
শোনা	323	true	typist	sona	সোনা	DICTIONARY	সোনা|ছোঁয়া|সোনার|সোনালী|সোনালি|সনাক্ত	sibilant
কেশ	301	true	typist	kes	কেস	DICTIONARY	কেস|কেয়স|কয়েস|কেসের|কেসটা|কেশব	sibilant
বেশে	297	true	typist	bese	বেসে	DICTIONARY	বেসে|বয়েসে|বেছে|বেঁছে|বেচছে|বেসিন	sibilant,inflected
ভূত	288	true	typist	vut	ভুত	DICTIONARY	ভুত	vowel_length
বাহিনীগণের	277	false	canonical	bahiniigoner	বাহিনী গণের	DICTIONARY	বাহিনী গণের|বাহিনীগুলোর|বাহিনীগুলো|বাহিনী গনের|বাহিনি গণের|বাহিনীগনের	oov,split,inflected
বাহিনীগণের	277	false	typist	bahinigoner	বাহিনী গণের	DICTIONARY	বাহিনী গণের|বাহিনীগুলোর|বাহিনীগুলো|বাহিনী গনের|বাহিনি গণের|বাহিনিগনের	oov,split,inflected
উণ	273	false	canonical	un	ইউএন	DICTIONARY	ইউএন|উন|ঊন|উড়ন	oov,vowel_initial
উীপ	270	false	canonical	uiip	উইপ	DICTIONARY	উইপ|উইং|উই|উঁকি|উইংও|উইংগস	oov,vowel_initial
উীপ	270	false	typist	uip	উইপ	DICTIONARY	উইপ|উইপোকা|উইপন|উইং|উই|উইপ্রো	oov,vowel_initial
জাতিগণের	269	false	canonical	jatigoner	জাতি গণের	DICTIONARY	জাতি গণের|জাতিগত|জাতিগোষ্ঠী|জাতিগোষ্ঠীর|জাটি গণের|জাতিগনের	oov,split,inflected
ইৎ	263	false	canonical	it	ইট	DICTIONARY	ইট|ইয়ট|ইঁট|ইট্|ইটও|ইটখোলা	oov,khanda_ta,vowel_initial
যীশুর	259	true	typist	jisur	যিশুর	DICTIONARY	যিশুর	vowel_length
স্বষ্টি	257	false	canonical	swoshti	স্বস্তি	DICTIONARY	স্বস্তি|স্বশাসিত|স্বশিক্ষিত|স্বশরীরে|স্বস্তিই	oov,inflected
স্বষ্টি	257	false	typist	swosti	স্বস্তি	DICTIONARY	স্বস্তি|স্বস্তিকা|স্বস্তিক|স্বস্তির|স্বস্তিদায়ক|স্বস্তিতে	oov,inflected
স্তায়	251	false	canonical	stay	স্টে	ENGLISH_LEXICON	স্টে|ছটায়|স্টক|stay|ছোটায়|ছোটায়	oov
মেষ	249	true	typist	mes	মেস	DICTIONARY	মেস|মেসি|মেশিন|মেসির|মেসেজ|মেই	sibilant
পর্য্যস্ত	247	false	canonical	poryyost	পর্য্যন্ত	DICTIONARY	পর্য্যন্ত|পর্যন্ত|পর্যটন|পর্যায়ে	oov
ইং	243	false	canonical	ing	ইয়ং	DICTIONARY	ইয়ং|ইংরেজি|ইংরেজ|ইংল্যান্ড|ইংলিশ|ing	oov,vowel_initial
শুনা	241	true	typist	suna	সুনা	DICTIONARY	সুনা|শোনা|শুঁয়া|সুনামগঞ্জ|সুনাম|সুন	sibilant
চর্চ্চা	240	false	canonical	chorcca	চর্চা	DICTIONARY	চর্চা|চর্চার|চর্চিত|চর্চাও|চর্চাকে|চর্চায়	oov,conjunct_shape
বাটীর	237	false	canonical	batiir	বাতির	DICTIONARY	বাতির|বাটী|বাটীতে|বাটিংয়ে|বাতিকও|বাতিকটা	oov
বাটীর	237	false	typist	batir	বাটির	DICTIONARY	বাটির|বাতির|বাটিও|বাটিক|বাড়ির|বাতিল	oov,vowel_length
টী	236	false	canonical	tii	টিই	DICTIONARY	টিই|টি|টীকা|তীব্র|তীরে|তীর	oov
ইব	235	false	canonical	ib	ইয়ব	DICTIONARY	ইয়ব|ইয়ং|ইয়ব|ইয়ংবক	oov,vowel_initial
যিরশালেমে	231	false	canonical	ziroshaleme	জিরশালেমে	CLEAN_TRANSLITERATION	জিরশালেমে|জিরো|জিরগা|জিরতলী	oov,ya_ja,inflected
যিরশালেমে	231	false	typist	jirosaleme	জিরসালেমে	CLEAN_TRANSLITERATION	জিরসালেমে|জিরো|জিরগা|জিরতলী	oov,inflected
শস্ত	229	false	canonical	shost	ষষ্ট	DICTIONARY	ষষ্ট|শস্ত্র|ষষ্টি|স্বস্ত|ষষ্টিতম|ষষ্টকের	oov
শস্ত	229	false	typist	sost	ষষ্ট	DICTIONARY	ষষ্ট|সস্তা|সস্ত্রীক|সস্তার|ষষ্ঠ|সস্তান	oov
স্থত	225	false	canonical	sthot	শত	ENGLISH_LEXICON	শত|স্থগিত|স্থল|শতক|স্থলে|shot	oov,conjunct_shape
দুইটী	222	false	canonical	duitii	দুইটিই	DICTIONARY	দুইটিই|দুইটি|দুইটির|দুইটিকে	oov
দুইটী	222	false	typist	duiti	দুইটি	DICTIONARY	দুইটি|দুইটির|দুইটিকে|দুইটিতে	oov,vowel_length
শিশির	222	true	typist	sisir	সিসির	DICTIONARY	সিসির|শিশিরে|শিশিরের|সিইসির	sibilant
আশায়	216	true	typist	asay	আসায়	DICTIONARY	আসায়|আসাই|আসা|আসাকে|আঁইশ|আসাকির	sibilant,vowel_initial
তং	216	false	canonical	tong	টং	DICTIONARY	টং|টঙ্গী|টঙ্ক|টংগী|টংক|tong	oov,dental_retroflex
বহুত্রী	216	false	typist	bohutri	বহুত্রি	DICTIONARY	বহুত্রি|বহুত|বহুতল|বহুতর	oov,vowel_length
শুচি	216	true	typist	suchi	সুচি	DICTIONARY	সুচি|সূচি|সূচী|সুচিন্তিত|সূচিত|সুচিত্রা	sibilant
উদেশে	214	false	canonical	udeshe	উদ্দেশ্যে	DICTIONARY	উদ্দেশ্যে|উদ্দেশে|উদ্যেশ্যে|উদ্দেশ্যেও|উদ্দেশ্যের|উদ্দেশ্যেই	oov,conjunct_shape,inflected,vowel_initial
উদেশে	214	false	typist	udese	উদ্দেশ্যে	DICTIONARY	উদ্দেশ্যে|উদ্দেশে|উদ্যেশ্যে|উদ্দেশ্যেও|উদ্দেশ্যের|উদ্দেশ্যেই	oov,conjunct_shape,inflected,vowel_initial
ড়ে	214	false	canonical	re	রে	DICTIONARY	রে|রয়ে|রৈ|রেঁধে|রেইট|রেঁদা	oov
শাপ	212	true	typist	sap	সাপ	DICTIONARY	সাপ|স্যাপ|সাফল্য|সাপ্তাহিক|সাফল্যের|sap	sibilant
নাশ	209	true	typist	nas	নাস	DICTIONARY	নাস|ন্যাশ|ন্যাস|নাচছ|নাসা|নাস্তিক	sibilant
তাে	208	false	canonical	tae	তায়ে	DICTIONARY	তায়ে|তায়েফ|তায়েশ|টাইপ|তায়|তার	oov
পাশ্বে	207	false	canonical	pashwe	পাশে	DICTIONARY	পাশে|পাশ্ববর্তী|পাশও|পাশক|পাশজুড়ে|পাশওয়ে	oov,conjunct_shape,inflected
পাশ্বে	207	false	typist	paswe	পাসওয়ে	CLEAN_TRANSLITERATION	পাসওয়ে|পাশে|পাসে|পাশ্ববর্তী|পার্শ্বে	oov,conjunct_shape,inflected
শব	206	true	typist	sob	সব	DICTIONARY	সব|সবাই|সবকিছু|সবার|সবই|সবক	sibilant
পূ	204	false	canonical	puu	পূগ	SECTION	পূগ|পূর্ব|পূর্বে|পূর্ণ|পূজা|পূরণ	oov
পূ	204	false	typist	pu	পুড়	DICTIONARY	পুড়|পুঁই|পুঁইছড়ি|পড়ু|পুড়য়|পুড়য়	oov
জষ্ঠ	199	false	canonical	joshth	জ্যৈষ্ঠ	DICTIONARY	জ্যৈষ্ঠ|জ্যেষ্ঠ|যষ্টি|যষ্টিমধু	oov,conjunct_shape
জষ্ঠ	199	false	typist	josth	জশ	ENGLISH_LEXICON	জশ|যষ্টি|যষ্টিমধু|josh|josth|জস্থ	oov,conjunct_shape
তাহীর	198	false	canonical	tahiir	তাহির	RULE	তাহির|তাহিরপুর|তাহিতিতে|তাপীর|তাহিনের|তাহিদুল	oov,vowel_length
তাহীর	198	false	typist	tahir	তাহির	DICTIONARY	তাহির|তাহিরপুর|তাহর|তাহিতিতে|তাহিদ|তাহিন	oov,vowel_length
র্তাহাকে	198	false	canonical	rtahake	তাহাকে	DICTIONARY	তাহাকে|রংটাকে	oov,conjunct_shape,inflected
শ্যাম	198	true	typist	syam	স্যাম	DICTIONARY	স্যাম|স্যামসাং|স্যামুয়েল|স্যামি|স্যামন|স্যাম্পল	sibilant
আশ	196	true	typist	as	আস	DICTIONARY	আস|আছ|আসছ|আঁশ|আসওয়াদ|আয়স	sibilant,vowel_initial
যিহুদার	196	false	canonical	zihudar	জিহুদার	CLEAN_TRANSLITERATION	জিহুদার|যিহুদিয়া|যিহুদিয়া	oov,ya_ja
যিহুদার	196	false	typist	jihudar	জিহুদার	CLEAN_TRANSLITERATION	জিহুদার|জিহাদের	oov,ya_ja
হৈয়া	196	false	canonical	hoiya	হইয়া	DICTIONARY	হইয়া|হইয়াছে|হইয়াছিল|হইয়াছিলেন|হইয়াছেন|হইয়াছি	oov
তাহকে	195	false	canonical	tahoke	তাহাকে	DICTIONARY	তাহাকে|তাহলে|তাহলেই|তাহলেও|তাহাউরের|তাহাওউফ	oov,inflected
বল্লে	194	false	canonical	bolle	বললে	DICTIONARY	বললে|বললেই|বললেন|বললেও|বললেনা|বললেম	oov,conjunct_shape,inflected
শাস্ত	194	false	canonical	shast	সাস্ট	DICTIONARY	সাস্ট|শাস্তি|শাস্ত্র|শাস্ত্রী|শাস্ত্রীয়|শাস্তির	oov
শাস্ত	194	false	typist	sast	সাস্ট	DICTIONARY	সাস্ট|স্বাস্থ্য|শাস্তি|সাত|শাস্ত্রীয়|সাস্পান	oov
পূর্ব্ব	193	false	canonical	puurbb	পূর্ব	DICTIONARY	পূর্ব|পূর্ববর্তী|পূর্ববঙ্গ|পূর্বে|পূর্বাভাস|পূর্ববঙ্গে	oov,conjunct_shape
পূর্ব্ব	193	false	typist	purbb	পুব	ENGLISH_LEXICON	পুব|পূর্ববঙ্গ|pub|purr|purbb|পুর্ব্ব	oov,conjunct_shape
আবিষ্কার	190	true	typist	abiskar	আবিস্কার	DICTIONARY	আবিস্কার|অবিষ্কার|আবিষ্কারক|আবিস্কারের|আবিষ্কারের|আবিষ্কারে	sibilant,vowel_initial
কাণে	188	false	canonical	kane	কানে	DICTIONARY	কানে|কেন|কানের|কানেক্ট|কানই|kane	oov,na_nna,inflected
যস্ত	187	false	canonical	zost	ইস্ট	RULE	ইস্ট|যষ্টি|যষ্টিমধু	oov
যস্ত	187	false	typist	jost	যষ্টি	DICTIONARY	যষ্টি|জষ্টি|যষ্টিক	oov
শাক	185	true	typist	sak	সাক	DICTIONARY	সাক|শাক্য|শ্যাক|সাক্ষাৎ|সাক্ষী|সাক্ষ্য	sibilant
অবশ	184	true	typist	obos	অবস	DICTIONARY	অবস|অবশ্য|অবশ্যই|অবস্থিত|অবস্থা|অবস্থান	sibilant,vowel_initial
বর্ত্তমান	183	false	canonical	borttoman	বর্তমান	DICTIONARY	বর্তমান|বর্তমানে|বর্তমানের|বর্তনী	oov,conjunct_shape
ইষ্ট	182	true	typist	ist	ইস্ট	DICTIONARY	ইস্ট|ইস্টার|ইস্তফা|ইস্ত্রি|ইস্টার্ন|ist	sibilant,vowel_initial
ঘএ	181	false	canonical	ghoe	ঘোড়ে	DICTIONARY	ঘোড়ে|ঘোড়|ঘর|ঘোঁট|ঘোড়দৌড়|ঘোড়দৌড়ে	oov
শর	180	true	typist	sor	সর	DICTIONARY	সর|সৌর|সোর|স্বর|স্যর|শোর	sibilant
তাহতে	179	false	canonical	tahote	তাহাতে	DICTIONARY	তাহাতে|তাহলে|তাহলেই|তাহলেও|তাহাতেই|তাহতি	oov,inflected
মোশির	179	false	canonical	moshir	মছির	DICTIONARY	মছির|মশিউর|মোশি	oov
মোশির	179	false	typist	mosir	মছির	DICTIONARY	মছির|মোসি|মসিউর|মসিহ|মসিদ|মসির	oov
আশার	177	true	typist	asar	আসার	DICTIONARY	আসার|অসার|অসাড়|আছার|আছাড়|আষাঢ়	sibilant,vowel_initial
বশ	177	true	typist	bos	বস	DICTIONARY	বস|বোস|অবশ্য|অবশ|অবস|ব্যস	sibilant
রাজগণ	175	false	canonical	rajogon	রাজগঞ্জ	DICTIONARY	রাজগঞ্জ|রাজঘাট|রাজগুরুর|রাজগাতী|রায়গঞ্জ|রাজগন	oov,conjunct_shape
সর্ব্বদা	174	false	canonical	sorbboda	সর্বদা	DICTIONARY	সর্বদা|সর্ব্বোচ্চ|সর্ব্বপ্রধান	oov,conjunct_shape
যাকোব	173	false	canonical	zakob	জ্যাকব	DICTIONARY	জ্যাকব|যাকব	oov,conjunct_shape
যাকোব	173	false	typist	jakob	জ্যাকব	DICTIONARY	জ্যাকব|জ্যাকবের|জ্যাকবস|জ্যাকবকে|jakob|যাকব	oov,conjunct_shape
সোণার	173	false	canonical	sonar	সোনার	DICTIONARY	সোনার|সোনারগাঁও|সোনারগাঁ|সোনারপুর|সোনারগাঁয়ের|sonar	oov,na_nna
অবকাশরঞ্জিনী	171	false	canonical	obokashoronjinii	ওবকাশরঞ্জিনী	CLEAN_TRANSLITERATION	ওবকাশরঞ্জিনী|অবকাশযাপন|অবকাশকেন্দ্রে|অবকাশযাপনকেন্দ্রে	oov,long_compound,vowel_initial
অবকাশরঞ্জিনী	171	false	typist	obokasoronjini	ওবকাসরঞ্জিনি	CLEAN_TRANSLITERATION	ওবকাসরঞ্জিনি|অবকাশযাপন|অবকাশকেন্দ্রে|অবকাশযাপনকেন্দ্রে	oov,long_compound,vowel_initial
কায	171	false	canonical	kaz	কাজ	DICTIONARY	কাজ|কাজে|কাজের|কাজী|কাজটা|কাজটি	oov,ya_ja
কায	171	false	typist	kaj	কাজ	DICTIONARY	কাজ|কাজে|কাজের|কাজটা|কাজী|কাজটি	oov,ya_ja
শুক	171	true	typist	suk	সুক	DICTIONARY	সুক|সুখ|সুখে|সুখী|সুকুমার|সুখের	sibilant
বিশ	170	true	typist	bis	বিস	DICTIONARY	বিস|বিশ্ব|বিশ্বাস|বিশেষ|বিষয়ে|বিশ্বের	sibilant
আশে	167	true	typist	ase	আসে	DICTIONARY	আসে|আছে|আসছে|আচ্ছে|আসেন|আসেনি	sibilant,vowel_initial
সদাপ্রভুকে	166	false	canonical	sodaprobhuke	সদা প্রভুকে	DICTIONARY	সদা প্রভুকে|সদা|সোডা|সদাই	oov,split,inflected
সদাপ্রভুকে	166	false	typist	sodaprovuke	সদা প্রভুকে	DICTIONARY	সদা প্রভুকে|সদা|সোডা|সদাই	oov,split,inflected
আজ্ঞ	165	false	canonical	agy	অজ্ঞ	RULE	অজ্ঞ|আজ্ঞা|আজ্ঞে|আজ্ঞাবহ|আজ্ঞাকারী|আজ্ঞার	oov,vowel_initial
যাকোবের	165	false	canonical	zakober	জ্যাকবের	DICTIONARY	জ্যাকবের|জ্যাকোবের	oov,conjunct_shape,inflected
যাকোবের	165	false	typist	jakober	জ্যাকবের	DICTIONARY	জ্যাকবের|jakober|জ্যাকোবের	oov,conjunct_shape,inflected
ইংলণ্ডের	163	false	canonical	inglonder	ইংলন্দের	CLEAN_TRANSLITERATION	ইংলন্দের|ইংল্যান্ড|ইংলিশ|ইংল্যান্ডের|ইংলান্ডের	oov,inflected,vowel_initial
যিহুদী	161	false	canonical	zihudii	ইহুদী	DICTIONARY	ইহুদী|যিহুদিয়া|যিহুদিয়া|জিহুদী	oov
যিহুদী	161	false	typist	jihudi	ইহুদি	DICTIONARY	ইহুদি|ইহুদী|জিহাদি|জিহুদি	oov
জড়	160	true	canonical	jor	জোর	DICTIONARY	জোর|জ্বর|জোড়|যোড়|জর|ঝড়	ranking_other
তাঁরা	160	true	canonical	tara	তারা	DICTIONARY	তারা|টারা|টায়রা|তারায়|তাড়া|tara	chandrabindu_dropped,inflected
কথ	158	false	canonical	koth	কঠ	DICTIONARY	কঠ|কথ্য|কথা|কোথায়|কঠিন|কোথাও	oov,dental_retroflex
তাছাদের	157	false	typist	tachader	তাহাদের	DICTIONARY	তাহাদের|তাছাড়া|তাছাড়াও|তাচাদের	oov,inflected
ণিনি	156	false	canonical	nini	নিনি	DICTIONARY	নিনি|নিইনি|নিন|নিনজা|নিনিয়া|ঞিঞি	oov,na_nna
গবর্ণর	154	false	canonical	gobornor	গভর্নর	DICTIONARY	গভর্নর|গভর্ণর|গবর্নমেন্ট	oov
আবশুক	153	false	typist	abosuk	বসুক	DICTIONARY	বসুক|অবস্থিত|আবশ্যক|বসুকে|আবশ্যকীয়|আবসুক	oov,vowel_initial
প্রজ	153	false	canonical	proj	প্রোজ	DICTIONARY	প্রোজ|প্রজাতন্ত্র|প্রজাতি|প্রজন্মের|প্রজনন|প্রজন্ম	oov
পাশের	152	true	typist	paser	পাসের	DICTIONARY	পাসের|পাসেও|পেপার|পাঁকে|paser|পাছের	sibilant,inflected
স্বত্রে	152	false	canonical	swotre	স্বরে	ENGLISH_LEXICON	স্বরে|স্বতন্ত্র|স্বত্ব|স্বতঃস্ফূর্ত|swore|সুত্রে	oov,conjunct_shape,inflected
মিষ্ট	151	true	typist	mist	মিস্ট	DICTIONARY	মিস্ট|মিস্টার|মিস্টি|মিস্ত্রি|মিস্ত্রী|mist	sibilant
শাদা	151	true	typist	sada	সাদা	DICTIONARY	সাদা|সাদামাটা|সাদাসিধে|সাদ|সাদাকালো|sada	sibilant
তাহীকে	150	false	typist	tahike	ঠিকে	DICTIONARY	ঠিকে|তাহির|তাহিরপুর|তাহিতিতে|তাহিরকে|তাহিকে	oov,inflected
ক্রিয়	149	false	canonical	kriy	ক্রিয়া	DICTIONARY	ক্রিয়া|ক্রিয়ার|ক্রিয়াকলাপ|ক্রিয়াশীল|ক্রিয়াপদ|ক্রিয়েটিভ	oov
বশে	149	true	typist	bose	বসে	DICTIONARY	বসে|বসছে|বোজ|বসের|বসেন|bose	sibilant
ভাববাণী	149	false	canonical	bhabobanii	ভাব বাণী	DICTIONARY	ভাব বাণী|ভাববাচ্য|ভাববাদী|ভাববাদ|ভাববার|ভাববানী	oov,split
ভাববাণী	149	false	typist	vabobani	ভাববানি	CLEAN_TRANSLITERATION	ভাববানি	oov
কর্ত্তব্য	146	false	canonical	korttoby	কর্তব্য	DICTIONARY	কর্তব্য|কর্তৃক|কর্তৃপক্ষ|কোর্ট|কর্তব্যকে|কর্তব্যই	oov,conjunct_shape
করোতি	145	false	canonical	koroti	করতি	DICTIONARY	করতি|করোটি|করোটির|করতিস|করটিয়া|করটিয়ার	oov
মাের	145	false	canonical	maer	মায়ের	DICTIONARY	মায়ের|মায়ে|মায়েরে|মাত্র|মায়েরা|মায়েরও	oov
অন্তান্ত	144	false	canonical	ontant	ওন্তান্ত	CLEAN_TRANSLITERATION	ওন্তান্ত|অত্যান্ত|অন্টারিও|অন্টারিওর|আঁতাঁত	oov,vowel_initial
দেথ	143	false	canonical	deth	ডেথ	DICTIONARY	ডেথ|ডেথলি|ডেথের|ডেথে|দেশ|দেখ	oov,dental_retroflex
পর্ব্বত	142	false	canonical	porbbot	পর্বত	DICTIONARY	পর্বত|পড়বার|পরবা|পড়বা	oov,conjunct_shape
শলোমন	142	true	typist	solomon	সলোমন	DICTIONARY	সলোমন|সলোমনের|solomon|সলমন|সোলোমন|সলোমনকে	sibilant
সৌত্রিক	140	false	canonical	soutrik	সস্ত্রীক	DICTIONARY	সস্ত্রীক|সত্রাসে|সস্ত্রিক|সৌঁরিক	oov,conjunct_shape
প্রভূ	139	false	typist	provu	প্রভু	DICTIONARY	প্রভু|প্রভ|প্রৌঢ়|প্রমু	oov,vowel_length
ভোরের	139	true	typist	vorer	ভরের	DICTIONARY	ভরের	inflected
শখ	139	true	typist	sokh	সখ	DICTIONARY	সখ|সখ্য|সখি|সখী|সখা|সখার	sibilant
শেল	139	true	typist	sel	সেল	DICTIONARY	সেল|সয়েল|সেলাই|সেলিম|সেলে|সেলফি	sibilant
ভাঙ্গিয়	138	false	canonical	bhangoiy	ভাঙ্গিয়া	DICTIONARY	ভাঙ্গিয়া|ভাঙ্গি|ভাঙ্গিল|ভাঙ্গিয়ে|ভাঙ্গিয়াছে|ভাঙৈয়	oov
ভাঙ্গিয়	138	false	typist	vangoiy	ভাঙ্গি	DICTIONARY	ভাঙ্গি|ভাঙৈয়	oov
যিরশালেমের	138	false	canonical	ziroshalemer	জিরো সালেমের	DICTIONARY	জিরো সালেমের|জিরো|জিরগা|জিরতলী|জিরশালেমের	oov,split,inflected
যিরশালেমের	138	false	typist	jirosalemer	জিরো সালেমের	DICTIONARY	জিরো সালেমের|জিরো|জিরগা|জিরতলী|জিরসালেমের	oov,split,inflected
কছিলেন	137	false	typist	kochilen	কচ্ছিলেন	DICTIONARY	কচ্ছিলেন|কছিল	oov,conjunct_shape
আশুবাবু	136	false	typist	asubabu	আসুবাবু	CLEAN_TRANSLITERATION	আসুবাবু|অশুভ|অসুবিধা|অসুবিধার|আসুননা|আসুবিধা	oov,sibilant,vowel_initial
জিনিষ	136	true	typist	jinis	জিনিস	DICTIONARY	জিনিস|জিনিসপত্র|জিনিসটা|জিনিসের|জিনিসগুলো|জিনিসই	sibilant
শরণ	136	true	typist	soron	সরণ	DICTIONARY	সরণ|সরন|স্বরণ|সরঞ্জাম|সরণি|সরঞ্জামাদি	sibilant
জায়তে	135	false	canonical	jayote	জায়াতে	DICTIONARY	জায়াতে|জায়গা|জায়গায়|জায়গাটা	oov,inflected
লৈয়া	135	false	canonical	loiya	লইয়া	DICTIONARY	লইয়া|লইয়াই|লইয়াছিলেন|লইয়াছে|লইয়াছি|লইয়াছিল	oov
ইস্রায়েলকে	134	false	canonical	israyeloke	ইসরায়েলকে	DICTIONARY	ইসরায়েলকে|ইসরায়েলকে	oov,conjunct_shape,inflected,vowel_initial
তাছা	134	false	typist	tacha	টাচা	DICTIONARY	টাচা|তাছাড়া|তাছাড়াও|টাচপ্যাড|টাচশ|তাছাড়া	oov
পলেষ্টীয়দের	134	false	canonical	poleshtiiyoder	পলেশ্তীয়দের	CLEAN_TRANSLITERATION	পলেশ্তীয়দের|পলেস্তারা|পলেস্টার	oov,inflected
পলেষ্টীয়দের	134	false	typist	polestiyoder	পলেস্তিয়দের	CLEAN_TRANSLITERATION	পলেস্তিয়দের|পলেস্তারা|পলেস্টার	oov,inflected
পু	134	false	canonical	pu	পুড়	DICTIONARY	পুড়|পুঁই|পুঁইছড়ি|পড়ু|পুড়য়|পুড়য়	oov
মৎস্ত	134	false	canonical	motost	মৎস	DICTIONARY	মৎস|মৎস্য|মোৎসার্ট|মোৎসার্টের	oov,conjunct_shape,khanda_ta
রাজগণের	134	false	canonical	rajogoner	রাজা গণের	DICTIONARY	রাজা গণের|রাজগঞ্জ|রাজা গনের|রায়া গণের|রাজগনের	oov,split,inflected
শুনিএ	134	false	canonical	shunie	শুনিয়ে	DICTIONARY	শুনিয়ে|শুনিয়েছে|শুনিয়েছেন|শুনিয়ে	oov
শুনিএ	134	false	typist	sunie	শুনিয়ে	DICTIONARY	শুনিয়ে|শুনিয়েছে|সুঁইয়ে|শুনিয়ে|ছুঁইয়ে|সুঁইয়ে	oov
সন্তানগণকে	134	false	canonical	sontanogonoke	সন্তান গণকে	DICTIONARY	সন্তান গণকে|সন্তানদের|সন্তানকে|সন্তানও|সন্তানগনকে	oov,split,inflected
যোষেফ	133	false	canonical	zosheph	যোশেফ	DICTIONARY	যোশেফ|জোশেফ|যোশেফস|যোশেলা|যোশেলার|যোশেফাইটস	oov,sibilant
যোষেফ	133	false	typist	josef	জোসেফ	DICTIONARY	জোসেফ|জোসেপ|জোসেফিন|জোসেফের|জোসেফা|josef	oov
সভে	132	false	canonical	sobhe	শোভে	DICTIONARY	শোভে|সভয়ে|শোভন|সোভেলার|সভ্যের|শোভনকে	oov
সভে	132	false	typist	sove	শোভে	DICTIONARY	শোভে|সভয়ে|শোভন|সেভ|সময়ে|শোভনকে	oov
যাত্র	131	false	canonical	zatr	যাটের	DICTIONARY	যাটের|জাতের|যাত্রা|যাত্রী|যাত্রার|যাত্রীবাহী	oov,conjunct_shape
যাত্র	131	false	typist	jatr	জাত্র	CLEAN_TRANSLITERATION	জাত্র|যাত্রা|যাত্রী|জটার|জাতির|যাত্রার	oov,ya_ja
যিরশালেম	131	false	canonical	ziroshalem	জিরশালেম	CLEAN_TRANSLITERATION	জিরশালেম|জিরো|জিরগা|জিরতলী	oov,ya_ja
যিরশালেম	131	false	typist	jirosalem	জিরসালেম	CLEAN_TRANSLITERATION	জিরসালেম|জিরো|জিরগা|জিরতলী|জিরচ্ছিলেম	oov
দেবগণের	130	false	canonical	debogoner	দেবগনের	DICTIONARY	দেবগনের	oov,na_nna,inflected
দুর্য্যোধন	129	false	canonical	duryyodhon	দুর্যোধন	DICTIONARY	দুর্যোধন|দুর্যোগ|দুর্যোগের|দুর্যোধনের	oov,conjunct_shape
জন্তে	127	false	canonical	jonte	জনতে	DICTIONARY	জনতে|জন্তু|জন্তুর|জন্তুটা	oov,conjunct_shape,inflected
বিকাশ	127	true	typist	bikas	বিকাস	DICTIONARY	বিকাস|বিকাশে|বিকাশকে|বিকাশশীল|বিকাশের|বিকাল	sibilant
সত্যভামা	127	false	canonical	sotyobhama	সত্যকাম	DICTIONARY	সত্যকাম|সত্যবাদী|সত্যবতী|সত্যবতীর|সত্যভাষণ|সত্যভাষী	oov
সত্যভামা	127	false	typist	sotyovama	সত্যকাম	DICTIONARY	সত্যকাম|সত্যটা|সত্যতা|সত্যজিৎ|সত্যভাই|সত্যভাষণ	oov
হেষ্টিংস	127	false	canonical	heshtings	হেস্টিংস	DICTIONARY	হেস্টিংস	oov,sibilant
হেষ্টিংস	127	false	typist	hestings	হেস্টিংস	DICTIONARY	হেস্টিংস|হেস্টিংসের	oov,sibilant
শাহ	126	true	typist	sah	সাহ	DICTIONARY	সাহ|সাহিত্য|সাহস|সাহিত্যিক|সাহেব|সাহিত্যের	sibilant
গবর্ণমেণ্টের	125	false	canonical	gobornomenter	গবর্নমেন্টের	DICTIONARY	গবর্নমেন্টের|গবর্নমেন্ট	oov,na_nna,long_compound,inflected
শাল	125	true	typist	sal	সাল	DICTIONARY	সাল|সালে|সালের|সাঁ|সাঁই|সা	sibilant
যিহুদা	124	false	canonical	zihuda	জিহুদা	CLEAN_TRANSLITERATION	জিহুদা|যিহুদিয়া|যিহুদিয়া	oov,ya_ja
যিহুদা	124	false	typist	jihuda	জুদা	DICTIONARY	জুদা|জিহাদিরা|জিহুদা	oov
ইণ্ডিয়া	123	false	canonical	indiya	ইন্ডিয়া	DICTIONARY	ইন্ডিয়া|ইন্ডিয়ান|ইন্ডিয়ার|ইন্ডিয়ানা|ইন্ডিয়াতে|ইন্ডিয়ানদের	oov,na_nna,vowel_initial
গচ্ছতি	123	false	canonical	gochchoti	গচ্ছাটি	DICTIONARY	গচ্ছাটি|গচ্ছিত|গচ্ছামি	oov
ভূতের	123	true	typist	vuter	ভুতের	DICTIONARY	ভুতের	vowel_length,inflected
পুনর্ব্বার	122	false	canonical	punorbbar	পুনর্ব্যবহার	DICTIONARY	পুনর্ব্যবহার|পুনর্ব্যবহারের|পুনর্ব্যবহারযোগ্য|পুনর্ব্যক্ত|পুনর্ব্যবহারও|পুনর্ব্যবহার্য	oov
সহরের	122	false	canonical	sohorer	শহরের	DICTIONARY	শহরের|শহরেরই	oov,sibilant,inflected
এস্থলে	120	false	canonical	esthole	স্থলে	DICTIONARY	স্থলে|এস্থার	oov,inflected,vowel_initial
জিজ্ঞাসিল	120	false	canonical	jigyasil	জিজ্ঞাসিলে	DICTIONARY	জিজ্ঞাসিলে|জিজ্ঞাসিত	oov
শৌলের	120	false	canonical	shouler	শোলের	DICTIONARY	শোলের|শৌল|শৌলজালিয়া|শৌলমারী|শোলেনা|শোলেনি	oov,inflected
শৌলের	120	false	typist	souler	সোলের	DICTIONARY	সোলের|শৌল|স্কুলের|শৌলজালিয়া|শৌলমারী|souler	oov,inflected
হারোণ	120	false	canonical	haron	আরন	DICTIONARY	আরন|হারবার|হারলি|হারকিউলিস|হ্যারন|হারন	oov
অপেন	119	false	canonical	open	ওপেন	DICTIONARY	ওপেন|ওপেনে|ওপেক|ওপেনের|ওপেনার|open	oov,vowel_initial
বঙ্গবিজেতা	119	false	canonical	bongoobijeta	বঙ্গ বিজেতা	DICTIONARY	বঙ্গ বিজেতা|বঙ্গবীর|বঙ্গবিভাগের|বঙুবিজেতা	oov,split
কন্তু	118	false	canonical	kontu	কোঁৎু	DICTIONARY	কোঁৎু|কণ্ঠ|কন্ট্রোল|কোনও|কিন্তু|কণ্ঠশিল্পী	oov,conjunct_shape,khanda_ta
পয্যন্ত	118	false	canonical	pozyont	পর্যন্ত	DICTIONARY	পর্যন্ত	oov
পয্যন্ত	118	false	typist	pojyont	পর্যন্ত	DICTIONARY	পর্যন্ত	oov
সৈন্তের	118	false	canonical	sointer	সেন্তের	RULE	সেন্তের|সৈন্য|সৈনিক|সৈন্যদের|সৈনাপত্য	oov,inflected
ধর্ম্মের	117	false	canonical	dhormmer	ধর্মের	DICTIONARY	ধর্মের|ধর্ম|ধর্মাবলম্বী|ধর্মীয়	oov,conjunct_shape,inflected
মোশিকে	117	false	typist	mosike	মোসিকে	DICTIONARY	মোসিকে|মোসি|মসিউর|মসিদ	oov,sibilant,inflected
গবর্ণমেণ্ট	116	false	canonical	gobornoment	গবর্নমেন্ট	DICTIONARY	গবর্নমেন্ট	oov,na_nna
শ্রাব	116	false	typist	srab	স্রাব	DICTIONARY	স্রাব|শ্রাব্য|শ্রাবণ|শ্রাবণী|স্রাবের|শ্রাবণের	oov,sibilant
অস্তোদাত্ত	115	false	canonical	ostodatt	ওস্তদাত্ত	CLEAN_TRANSLITERATION	ওস্তদাত্ত|অষ্টধর|অষ্টধাতুর	oov,vowel_initial
কয়েকট	114	false	canonical	koyekot	কয়েকটি	DICTIONARY	কয়েকটি|কয়েকটা|কয়েকটির|কয়েকটিতে|কয়েকজন|কয়েকত	oov
দিউন	114	false	canonical	diun	দিুন	DICTIONARY	দিুন	oov
থাইতে	113	false	canonical	thaite	ঠাইতে	DICTIONARY	ঠাইতে|থাই|থাইল্যান্ড|থাইল্যান্ডের	oov,dental_retroflex,inflected
যিহুদীদের	113	false	canonical	zihudiider	জিহুদীদের	CLEAN_TRANSLITERATION	জিহুদীদের	oov,ya_ja,inflected
যিহুদীদের	113	false	typist	jihudider	ইহুদিদের	DICTIONARY	ইহুদিদের|জিহুদিদের	oov,inflected
শু	113	true	typist	su	সু	DICTIONARY	সু|সূ|সুঁই|সুঁইয়ের|সও|সুউ	sibilant
নালিশ	112	true	typist	nalis	নালিস	DICTIONARY	নালিস|নালিকা|নালিশের|নালিক|নালিতা|নালিঘা	sibilant
অধ্যক্ষগণ	111	false	canonical	odhyokkhogon	অধ্যক্ষ গণ	DICTIONARY	অধ্যক্ষ গণ|অধ্যক্ষতা|অধ্যক্ষকে|অধ্যক্ষদের|অধ্যক্ষ গন|ওধ্যক্ষগন	oov,split,vowel_initial
কুঁকড়োর	111	false	canonical	kukoror	কুকুর	DICTIONARY	কুকুর|কুকর্মের|কুঁকড়ো|কুকরর	oov,chandrabindu_dropped
বশত	110	true	typist	bosot	বসত	DICTIONARY	বসত|বসতি|বসতে|বসতির|বসতো|বসতেন	sibilant
শক	110	true	typist	sok	সক	DICTIONARY	সক|শোক|শোঁক|শক্য|সকল|সকাল	sibilant
কেহো	109	false	canonical	keho	কেহ	DICTIONARY	কেহ|কেহই|কেহনা|কেনো|কেন|কেউ	oov,final_okar_dropped
ব্রাম্ভণ	109	false	canonical	brambhon	ব্রাম্বল	DICTIONARY	ব্রাম্বল|ব্রামওয়েল|ব্রামদাগ|ব্রামপটনের	oov
ব্রাম্ভণ	109	false	typist	bramvon	ব্রামপটনের	DICTIONARY	ব্রামপটনের|ব্রাইটন	oov,conjunct_shape
শমুয়েল	109	false	typist	somuyel	সয়েল	DICTIONARY	সয়েল|সয়েল|সমুদ্র|সমূহ|সমুদ্রের|সমুয়েল	oov
হতাশ	109	true	typist	hotas	হটাস	DICTIONARY	হটাস|হতাশা|হতাশাজনক|হতাশার|হতাশায়|হতাশাগ্রস্ত	ranking_other
অনস্ত	108	false	canonical	onost	নষ্ট	DICTIONARY	নষ্ট|অনস্তিত্ব|অনস্বীকার্য|অনশন|অন্যস্থানে|অনসূয়া	oov,vowel_initial
আজ্ঞানুসারে	108	false	canonical	agyanusare	অজ্ঞ অনুসারে	DICTIONARY	অজ্ঞ অনুসারে|অজ্ঞান|অজ্ঞানতা|অজ্ঞানের	oov,split,inflected,vowel_initial
প্রভূতি	108	false	typist	provuti	প্রভুভক্তি	DICTIONARY	প্রভুভক্তি|প্রভুপত্নী|প্রভুপত্মী|প্রভুশক্তি|প্রভুভক্তির	oov,conjunct_shape
ফরাসী	108	true	typist	forasi	ফরাসি	DICTIONARY	ফরাসি	vowel_length
শকে	107	true	typist	soke	সকে	DICTIONARY	সকে|শোকে|ছকে|শোঁকে|সকেট|ছকের	sibilant
র্তাহারা	106	false	canonical	rtahara	তাহারা	DICTIONARY	তাহারা|তাহারাও|তাহারাত	oov,conjunct_shape,inflected
আই	105	true	canonical	ai	এই	DICTIONARY	এই|আইড়|আড়ি|আয়ই|অই|ai	vowel_initial
ন্তায়	105	false	canonical	ntay	নটায়	DICTIONARY	নটায়|নয়টার|নয়টায়|নয়টা|নটার|নটায়	oov,conjunct_shape
সহরে	105	false	canonical	sohore	শহরে	DICTIONARY	শহরে|শহরেরই|শহরই|শহর|শহরের|শহরেই	oov,sibilant,inflected
তাছাকে	104	false	typist	tachake	তাহাকে	DICTIONARY	তাহাকে|টাচপ্যাড|তাছাড়া|তাছাড়াও|টাচটা|তাচাকে	oov,inflected
অব্যয়ী	103	false	canonical	obyoyii	ওব্যয়ী	CLEAN_TRANSLITERATION	ওব্যয়ী|অব্যয়|অব্যয়ীভাব|অব্যয়ের	oov,vowel_initial
অব্যয়ী	103	false	typist	obyoyi	অব্যয়	DICTIONARY	অব্যয়|অব্যয়ীভাব|অব্যয়ের|অব্যয়	oov,vowel_initial
কেশে	103	true	typist	kese	কেসে	DICTIONARY	কেসে|কেসের|কেশের|কেসই|কেস|কেসটা	sibilant,inflected
চল্লো	103	false	canonical	chollo	চোও	ENGLISH_LEXICON	চোও|চল্লিশ|choo|chollo|চল্লিশের|চলো	oov,conjunct_shape,inflected
পাপার্থক	103	false	canonical	paparthok	পাপার ঠক	DICTIONARY	পাপার ঠক|পাপার|পাপারাজ্জিদের|পাপারাজ্জি|পাপারাজ্জিকে|পাপার থক	oov,split,conjunct_shape
মথি	103	false	canonical	mothi	মঠি	DICTIONARY	মঠি|মথিত|মঠটি|মঠে|মঠটির|মঠবাড়ি	oov,dental_retroflex
হারোণের	103	false	canonical	haroner	ধারণের	DICTIONARY	ধারণের|হারবার|হারলি|হারকিউলিস|হ্যারনের|হারনের	oov,inflected
পাশ্ব	102	false	canonical	pashw	পাশ	DICTIONARY	পাশ|পাশা|পাশ্ববর্তী|পাশে|পাশাপাশি|পাশও	oov,conjunct_shape
পাশ্ব	102	false	typist	pasw	পাস	DICTIONARY	পাস|পাশ্ববর্তী|পা|পাসওয়ার্ড|পাসও	oov,conjunct_shape
বাষ্প	102	true	typist	basp	বাস্প	DICTIONARY	বাস্প|বাষ্পীভবন|বাস্ক|বাস|বাষ্পীয়|বাস্কেট	sibilant
চারিট	101	false	canonical	charit	ছাড়িত	DICTIONARY	ছাড়িত|চারিত্রিক|চারিত্র্য|চ্যারিটি|চ্যারিটেবল|ছাড়িতে	oov
ছেন	101	false	canonical	chhen	ছেঁড়	DICTIONARY	ছেঁড়|ছেঁড়া|ছেঁড়ে|ছেঁকে|ছেঁকা|ছেঁটে	oov
ছেন	101	false	typist	chen	চেন	DICTIONARY	চেন|চড়েন|চেনা|চেনো|চেনে|chen	oov
অশ্র	100	true	typist	osr	অস্র	DICTIONARY	অস্র|অশ্রু|অশ্রুজলে|অস্কার|অস্কারজয়ী|অসৃক	sibilant,vowel_initial
কহয়ে	100	false	canonical	kohoye	কহায়	DICTIONARY	কহায়|কোহলি|কহন|কহত|কহায়|কহাইও	oov,inflected
চতুর্দ্দিকে	100	false	canonical	choturddike	চতুর্দিকে	DICTIONARY	চতুর্দিকে|চতুর্দশ|চতুর্দশী|চতুর্দিক	oov,conjunct_shape,inflected
চারিটি	100	false	canonical	chariti	চ্যারিটি	DICTIONARY	চ্যারিটি|চ্যারিটির	oov,conjunct_shape,inflected
তিনটী	100	false	canonical	tinotii	তিনটিই	DICTIONARY	তিনটিই|তিনটি|টিনটি	oov
তিনটী	100	false	typist	tinoti	তিনটি	DICTIONARY	তিনটি|তিনটিই|টিনটিন|তিনটির|টিনটিনের|তিনটিতে	oov,vowel_length
আছয়ে	99	false	typist	achoye	ছয়ে	DICTIONARY	ছয়ে|ছয়ে|আচরণ|আঁচল|আচরণের|আচয়ে	oov,inflected,vowel_initial
ধে	99	false	canonical	dhe	ঢেড়	DICTIONARY	ঢেড়|ধড়ে|ঢেকে|ঢেউ|ঢেলে|ধেৎ	oov
মেশিকে	99	false	canonical	meshike	মেসিকে	DICTIONARY	মেসিকে|মেশিন|মেশিনের|মেশিনটা|মেষকে|মেসিকেই	oov,sibilant,inflected
মেশিকে	99	false	typist	mesike	মেসিকে	DICTIONARY	মেসিকে|মেসিং|মেরিকে|মেসকে|মেসিকেই|মেসিকেও	oov,sibilant,inflected
আচ্ছ	98	false	canonical	achch	আচ্ছা	DICTIONARY	আচ্ছা|অচ্ছ|আচ্ছাদিত|আচ্ছাদন|আচ্ছে|আচ্ছন্ন	oov,vowel_initial
ইহারই	98	false	canonical	iharoi	ইহারৈ	DICTIONARY	ইহারৈ|ইহার|ইহারা|ইঁহার	oov,inflected,vowel_initial
পরিবর্ত্তন	98	false	canonical	poribortton	পরিবর্তন	DICTIONARY	পরিবর্তন|পরিবর্তে|পরিবর্তনের|পরিবর্তিত	oov,conjunct_shape
পূর্ব্বেই	98	false	canonical	puurbbei	পূর্ব্বের	DICTIONARY	পূর্ব্বের|পূর্ববর্তী|পূর্ববঙ্গ|পূর্ববঙ্গে|পূর্বক্ষণে	oov,inflected
পূর্ব্বেই	98	false	typist	purbbei	পূর্ব্বের	DICTIONARY	পূর্ব্বের|পূর্ববর্তী|পূর্ববঙ্গ|পূর্ববঙ্গে|পূর্বকালেই	oov,inflected
শচীর	98	false	typist	sochir	সচিত্র	DICTIONARY	সচিত্র|সচিব|সচিবালয়|সচিবের|সচির	oov,conjunct_shape
পুত্ত্র	97	false	canonical	puttr	পাট	ENGLISH_LEXICON	পাট|পুত্তলী|putt|putter|puttr|পুত্র	oov,conjunct_shape
যিহদার	97	false	canonical	zihodar	জিহদার	CLEAN_TRANSLITERATION	জিহদার|জিহবা|জিহবায়|জিহো|যিহুদিয়া|যিহুদিয়া	oov,ya_ja
যিহদার	97	false	typist	jihodar	জিহদার	CLEAN_TRANSLITERATION	জিহদার|জিহবা|জিহাদের|জিহবায়|জিহো	oov,ya_ja
প্রজাদিগকে	96	false	canonical	projadigoke	প্রজা দিগকে	DICTIONARY	প্রজা দিগকে|প্রজাদের	oov,split,inflected
বৈৎ	96	false	canonical	boit	ব্যয়িত	DICTIONARY	ব্যয়িত|বৈঠক|বৈঠকে|বইটি|বইতে|বইটা	oov,conjunct_shape,khanda_ta
মতাে	96	false	canonical	motae	মতে	DICTIONARY	মতে|মতামত|মোটা|মোটামুটি|মতকে|মোতায়েন	oov,inflected
যাজকগণ	95	false	canonical	zajokogon	যাজক গণ	DICTIONARY	যাজক গণ|যাজকদের|যাজককে|যাজক গন|জাজকগন	oov,split
যাজকগণ	95	false	typist	jajokogon	যাজক গণ	DICTIONARY	যাজক গণ|যাজকদের|যাজককে|জাজকগন	oov,split
অগ্রাহ	94	false	canonical	ograh	ওপ্রা	ENGLISH_LEXICON	ওপ্রা|অগ্রাহ্য|oprah|ograh|ওগয়রহ|ওগ্রাহ	oov,vowel_initial
দাড়াইল	94	false	canonical	darail	দাঁড়াইল	DICTIONARY	দাঁড়াইল|দাঁড়াইলেন|দাঁড়াইলাম|দাঁড়াই|দাঁড়াইও	oov
দৌড়িয়া	94	false	canonical	douriya	দরিয়া	DICTIONARY	দরিয়া|দরিয়া|দৌড়িয়ে|দৌঁড়িয়ে	oov
প্রজাগণ	94	false	canonical	projagon	প্রজাগন	CLEAN_TRANSLITERATION	প্রজাগন|প্রজাতন্ত্র|প্রজাতি|প্রজাতির	oov,na_nna
ভ্রাতৃগণের	94	false	typist	vratrrigoner	ভ্রাতৃ গণের	DICTIONARY	ভ্রাতৃ গণের	oov,split,inflected
মহে	94	false	canonical	mohe	মোহে	DICTIONARY	মোহে|মহেন্দ্র|মহেশ|মহেশ্বর|মোহই|মোহক	oov
জাতিগণ	93	false	canonical	jatigon	জাতিগন	CLEAN_TRANSLITERATION	জাতিগন|জাতিগত|জাতিগোষ্ঠী|জাতিগোষ্ঠীর|জাতিগঠন	oov,na_nna
নিঃস্থত	93	false	canonical	nissthot	নিস্তার	DICTIONARY	নিস্তার|নিঃশ্বাস|নিঃসঙ্গ|নিস্তব্ধ|নিঃসন্দেহে|নিস্তনী	oov
যাঁহার	93	true	typist	jahar	যাহার	DICTIONARY	যাহার|জাহার|জাহাঁ	chandrabindu_dropped
শোভিছে	93	false	canonical	shobhichhe	শভিছে	CLEAN_TRANSLITERATION	শভিছে|শোভিত	oov,inflected
শোভিছে	93	false	typist	soviche	সভিচে	CLEAN_TRANSLITERATION	সভিচে|সইছে	oov,inflected
য়েছে	93	false	canonical	yechhe	যৈছে	RULE	যৈছে	oov,inflected
দশন	92	true	typist	doson	ডসন	DICTIONARY	ডসন|দশনামী|ডসোন|দোষণ	ranking_other
বাবামশায়	91	false	typist	babamosay	বাবা মশায়	DICTIONARY	বাবা মশায়|বাবা|বাবার|বাবাকে|বাবা মশায়|বাবামসায়	oov,split
ভণই	91	false	canonical	bhonoi	ভনৈ	DICTIONARY	ভনৈ|ভঙ্গ|ভন|ভঙ্গি|ভনও|ভনকে	oov
ভণই	91	false	typist	vonoi	বনে	RULE	বনে	oov
শ্বেতবর্ণ	91	false	canonical	shwetoborn	শ্বেতবর্ণের	DICTIONARY	শ্বেতবর্ণের|শ্বেতসার|শ্বেতপত্র|শ্বেতকণিকা|শ্বেতচর্ম|শ্বেতবামন	oov
শ্বেতবর্ণ	91	false	typist	swetoborn	শ্বেত বর্ণ	DICTIONARY	শ্বেত বর্ণ|শ্বেতসার|শ্বেতপত্র|শ্বেতকণিকা|শ্বেত বর্ন	oov,split
ইংলণ্ডে	90	false	canonical	inglonde	ইংলন্দে	CLEAN_TRANSLITERATION	ইংলন্দে|ইংল্যান্ড|ইংলিশ|ইংল্যান্ডে|ইংল্যান্ডের|ইংলান্ডে	oov,inflected,vowel_initial
কালেজের	90	false	canonical	kalejer	কলেজের	DICTIONARY	কলেজের|কালেজ|কলেজেই	oov,inflected
নএ	90	false	canonical	noe	নয়ে	DICTIONARY	নয়ে|নে|নোয়েল|নয়েজ|নয়েস|নই	oov
সঞ্চাপ	90	false	canonical	soncap	সঞ্চার	DICTIONARY	সঞ্চার|সঞ্চালন|সঞ্চালিত|সঞ্চালক|সঞ্চারক|সঞ্চারণ	oov
অর্জ্জুন	89	false	canonical	orjjun	অর্জুন	ENGLISH_LEXICON	অর্জুন|arjun|orjjun|ওর্জ্জুন	oov,conjunct_shape,vowel_initial
মুন্দর	89	false	canonical	mundor	মুন্ডোর	DICTIONARY	মুন্ডোর|মুন্দরী	oov
কবিতে	88	false	canonical	kobite	কবিত্বে	DICTIONARY	কবিত্বে|কবিত্ব|কবিত্বের|কবিতা|কবিত্বময়	oov,conjunct_shape,inflected
জিজ্ঞাসিলেন	88	false	canonical	jigyasilen	জিজ্ঞাসিলে	DICTIONARY	জিজ্ঞাসিলে|জিজ্ঞাসিত	oov
দাড়াইয়	88	false	canonical	daraiy	দাঁড়ায়	DICTIONARY	দাঁড়ায়|দাড়াই|দাঁড়াইয়া|দাঁড়াইয়াছে|দাঁড়াইয়াছিল|দারাইয়	oov
নিশা	88	true	typist	nisa	নিসা	DICTIONARY	নিসা|নিসার|নিসাব|নিঃশ্বাস|নিশানা|নিশ্বাস	sibilant
পলিপস	88	false	canonical	polipos	পলিপোস	RULE	পলিপোস|পলিপতন|পলিপাড়া	oov
শলোমনের	88	false	canonical	sholomoner	সলোমনের	DICTIONARY	সলোমনের|শলোমন	oov,sibilant,inflected
শলোমনের	88	false	typist	solomoner	সলোমনের	DICTIONARY	সলোমনের|solomoner	oov,sibilant,inflected
অব্রাহাম	87	false	canonical	obraham	আব্রাহাম	RULE	আব্রাহাম|অব্রাহ্মণ|অব্রাহ্মণে|আব্রাহামি	oov,vowel_initial
কলিকাতাতে	87	false	canonical	kolikatate	কলিকাটাতে	RULE	কলিকাটাতে|কলিকাতা|কলিকাতার|কলিকাতায়	oov,dental_retroflex,inflected
ফরেীণ	87	false	canonical	phoreiin	ফরেইন	RULE	ফরেইন|ফরেন|ফরেস্ট|ফরেনসিক	oov
ফরেীণ	87	false	typist	forein	ফরেইন	DICTIONARY	ফরেইন	oov
ভাববাদীর	87	false	typist	vabobadir	ভাববাদী	DICTIONARY	ভাববাদী|ভাববাদির	oov
যেহেতুক	87	false	canonical	zehetuk	যেহেতু	DICTIONARY	যেহেতু|জেহেন|জেহেতুক	oov
যেহেতুক	87	false	typist	jehetuk	জিতুক	DICTIONARY	জিতুক|যেহেতু|জেহেতুক	oov
রঙ্গমতী	87	false	canonical	rongoomotii	রঙ্গ মতি	DICTIONARY	রঙ্গ মতি|রঙ্গমঞ্চ|রঙ্গমঞ্চে|রঙ্গমঞ্চের|রঙ্গ মটি|রঙুমতী	oov,split,vowel_length
রঙ্গমতী	87	false	typist	rongoomoti	রঙ্গ মতি	DICTIONARY	রঙ্গ মতি|রঙ্গমঞ্চ|রঙ্গমঞ্চে|রঙ্গমঞ্চের|রঙ্গ মটি|রঙুমতি	oov,split,vowel_length
শিং	87	true	typist	sing	সিং	DICTIONARY	সিং|সিয়ং|সিংহ|সিংহাসন|সিঙ্গাপুর|sing	sibilant
সমূহের	87	false	typist	somuher	সমুহের	DICTIONARY	সমুহের|সমুচিত|সমূহ|সমুখে|সমুচা|সমূহকে	oov,vowel_length,inflected
হইবামাত্র	87	false	canonical	hoibamatr	হওয়ামাত্র	DICTIONARY	হওয়ামাত্র|হইবার|হইবা|হওয়ামাত্র	oov
হৈলা	87	false	canonical	hoila	হইলা	DICTIONARY	হইলা|হইলি|হইলে|হইলাম|হৈলে|হৈমবালা	oov
কুশ	86	true	typist	kus	কুস	DICTIONARY	কুস|কুছ|কুসুম|কুসংস্কার|কুস্তি|কুশল	sibilant
বাবামশায়ের	86	false	typist	babamosayer	বাবা মশায়ের	DICTIONARY	বাবা মশায়ের|বাবা|বাবার|বাবাকে|বাবা মশায়ের|বাবামসায়ের	oov,split,inflected
শিরা	86	true	typist	sira	সিরা	DICTIONARY	সিরা|ছিঁড়া|ছিড়া|সিরাজ|সিরকা|সিরাজগঞ্জ	sibilant
অণ্ডাশয়ের	85	false	typist	ondasoyer	ওন্দাসয়ের	CLEAN_TRANSLITERATION	ওন্দাসয়ের|অণ্ডাশয়	oov,inflected,vowel_initial
কতু	85	false	canonical	kotu	কটু	DICTIONARY	কটু|কটূক্তি|কটুক্তি|কটক|কৌতুক|কট	oov,dental_retroflex
চাষ	85	true	typist	chas	চাস	DICTIONARY	চাস|চাচ্ছ|চাষের|চাষে|চাষী|chas	sibilant
ভগিনীর	85	false	typist	voginir	ভগিনী	DICTIONARY	ভগিনী|ভগিনির	oov
সাউণ্ড	85	false	canonical	saund	সাউন্ড	DICTIONARY	সাউন্ড|সাউন্ডট্র্যাক|সাউন্ডের|সাউন্ডটেক|সাউন্ডে|সাউন্ডবার	oov,na_nna
অষ্ট	84	true	typist	ost	অস্ত	DICTIONARY	অস্ত|অস্ত্র|অস্তিত্ব|অস্ট্রেলিয়া|অস্ট্রেলিয়ার|অস্ট্রিয়া	vowel_initial
কর্ম্মে	84	false	canonical	kormme	কর্মে	DICTIONARY	কর্মে|কর্মকর্তা|কর্ম|কর্মী|কর্মই|কর্মও	oov,conjunct_shape,inflected
তাহী	84	false	canonical	tahii	থাই	ENGLISH_LEXICON	থাই|থায়|তাহির|তাহিরপুর|তাহিতিতে|thai	oov
তাহী	84	false	typist	tahi	থাই	DICTIONARY	থাই|থায়|ঠাই|তাহির|তাহিরপুর|তাহি	oov
মেষের	84	true	typist	meser	মেসের	DICTIONARY	মেসের|মেসেজ|মাসের|মেসেজিং|মেসেজটা|মেসেজটি	sibilant,inflected
কন্ত	83	false	canonical	kont	কোঁৎ	DICTIONARY	কোঁৎ|কোঁত|কণ্ঠ|কন্ট্রোল|কণ্ঠে|কন্ঠ	oov,conjunct_shape,khanda_ta
চিন্ত	83	false	canonical	chint	চিন্ত্য	DICTIONARY	চিন্ত্য|চিন্তা|চিনতে|চিন্তিত|চিন্তাভাবনা|চিন্তাবিদ	oov,conjunct_shape
যিশাইয়	82	false	canonical	zishaiy	জিশাইয়	CLEAN_TRANSLITERATION	জিশাইয়|যিশুর|যিশু|যিশুকে	oov,ya_ja
যিশাইয়	82	false	typist	jisaiy	জিসাইয়	CLEAN_TRANSLITERATION	জিসাইয়|জিসাস|জিসান|জিসানকে|জিসিআই	oov
বাইশ	81	true	typist	bais	বাইস	DICTIONARY	বাইস|বাইছ|বাইসাইকেল|বাইশে|বাইসন|বাইশা	sibilant
মোয়াবের	81	false	canonical	moyaber	ময়াবের	CLEAN_TRANSLITERATION	ময়াবের|মোয়া|ময়া|মোয়াজ্জেম|অ্যাবের|মোছাব্বের	oov,inflected
যুধি	81	false	canonical	zudhi	যুদ্ধই	DICTIONARY	যুদ্ধই|যুধিষ্ঠির|যুধিষ্ঠিরকে	oov,conjunct_shape
যুধি	81	false	typist	judhi	যুদ্ধই	DICTIONARY	যুদ্ধই	oov,conjunct_shape
অদ্যপি	80	false	canonical	odyopi	অদ্যাপি	DICTIONARY	অদ্যাপি|অদ্যাবধি|অদ্যই|অদ্যকার|অদ্যাবদি|অদ্যাবধিও	oov,vowel_initial
কাদিতে	80	false	canonical	kadite	কাঁদিতে	DICTIONARY	কাঁদিতে|কাঁদিতেছে|কাঁদিত|কাঁদিতেও|কাঁদিতাম|কাঁদিতিস	oov,inflected
ঠঞ	80	false	canonical	thon	ঠন	DICTIONARY	ঠন|ঠোঁট|ঠোঁটে|ঠোঙা|ঠোঁটের|ঠোঁটকাটা	oov
পরস্থিত	80	false	canonical	porosthit	পরস্থিতিতে	DICTIONARY	পরস্থিতিতে|পরস্পর|পরস্পরের|পরশ|পরস্ত্রী|পরস্ফুটিত	oov
পর্ব্বতের	80	false	canonical	porbboter	পর্বতের	DICTIONARY	পর্বতের|পড়বার|পরবা|পড়বা|পর্বতগহ্বর|পর্বতঘেরা	oov,conjunct_shape,inflected
স্ত	80	false	canonical	st	স্ট্রিট	ENGLISH_LEXICON	স্ট্রিট|স্ট্রিং|স্ট্রীট|স্ট্রিক|st|স্ট্রিকার	oov,conjunct_shape
অনেন	79	false	canonical	onen	অন্নে	DICTIONARY	অন্নে|অন্ন|অন্যেন্য|অন্নকষ্ট|অন্নকণা|ওনেন	oov,conjunct_shape,vowel_initial
ইণ্ডিয়ান	79	false	canonical	indiyan	ইন্ডিয়ান	DICTIONARY	ইন্ডিয়ান|ইন্ডিয়ানা|ইন্ডিয়ানদের|ইন্ডিয়ানরা|ইন্ডিয়ানস|ইন্ডিয়ানার	oov,na_nna,vowel_initial
কনান	79	false	canonical	konan	কোনান	DICTIONARY	কোনান|কোনাই|কোনাকুনি|কোন্যান|কোনাও|কোনাকার	oov
খ্রষ্টের	79	false	canonical	khroshter	খ্রিষ্টের	DICTIONARY	খ্রিষ্টের|খ্রীষ্টের	oov,inflected
খ্রষ্টের	79	false	typist	khroster	খ্রিস্টের	DICTIONARY	খ্রিস্টের	oov,inflected
প্রবেশিল	79	false	canonical	probeshil	প্রবেশি	DICTIONARY	প্রবেশি|প্রবেশিকা|প্রবেশিত	oov
প্রবেশিল	79	false	typist	probesil	প্রবেশি	DICTIONARY	প্রবেশি|প্রবেশিকা|প্রবেশিত	oov
মঙ্গলবাদ	79	false	canonical	mongoolobad	মঙ্গল বাদ	DICTIONARY	মঙ্গল বাদ|মঙ্গলবার|মঙ্গলবারে|মঙ্গলবারের|মঙ্গল বাড|মঙুলবাদ	oov,split
সর্ব্বত্র	79	false	canonical	sorbbotr	সর্বক্ষেত্রে	DICTIONARY	সর্বক্ষেত্রে|সর্ব্বোচ্চ|সর্ব্বপ্রধান|সর্ব্বাপেক্ষা|সর্বক্ষেত্রেই|সর্বক্ষেত্রই	oov
কাযের	78	false	canonical	kazer	কাজের	DICTIONARY	কাজের|কাজেরই|কাজেই|কাজেও|কাজেম|কায়ের	oov,ya_ja,inflected
কাযের	78	false	typist	kajer	কাজের	DICTIONARY	কাজের|কাজেরই|কাজেই|কাজেও|কাজেম|কায়ের	oov,ya_ja,inflected
মুহূর্ত্তে	78	false	canonical	muhuurtte	মুহূর্তে	DICTIONARY	মুহূর্তে|মূহূর্তে|মুহূর্তই|মুহূর্তও|মুহূর্তটা|মুহূর্তটাকে	oov,conjunct_shape,inflected
মুহূর্ত্তে	78	false	typist	muhurtte	মুহুর্ততে	DICTIONARY	মুহুর্ততে|মুহূর্তটা|মুহূর্তটাকে|মুহূর্তটাতে	oov,conjunct_shape,inflected
যতীন	78	true	typist	jotin	জতিন	DICTIONARY	জতিন|যতিন|জতীন|জ্যোতিন	ranking_other
লোকদিগের	78	false	canonical	lokodiger	লোক দিগের	DICTIONARY	লোক দিগের|লোকদের|লোকদেরকে|লোকধর্ম|লকদিগের	oov,split,inflected
শমন	78	true	typist	somon	সমন	DICTIONARY	সমন|সমন্বিত|সমন্বয়ে|সমন্বয়|সমন্ধে|শমণ	sibilant
গর্ভিণীর	77	false	canonical	gorbhiniir	গর্ভিণী	DICTIONARY	গর্ভিণী|গর্ভিত|গর্ভিনীর	oov
