রন্ধনশৈলী	378	false	typist	rondhonosoili	রন্ধন শৈলী	DICTIONARY	রন্ধন শৈলী|রন্ধনশালা|রন্ধনশৈলীতে|রন্ধনশৈলীর|রন্ধন শৈলি|রন্ধনসৈলি	oov,split
অংশ	257	true	typist	ongs	অংস	DICTIONARY	অংস|অংশে|অংশগ্রহণ|অংশের|অংশীদার|অংশটি	sibilant,vowel_initial
চাষ	206	true	typist	chas	চাস	DICTIONARY	চাস|চাচ্ছ|চাষের|চাষে|চাষী|chas	sibilant
বেশ	206	true	typist	bes	বেস	DICTIONARY	বেস|বয়েস|বেচছ|বেশি|বেশী|বেশিরভাগ	sibilant
মশলা	165	true	typist	mosola	মসলা	DICTIONARY	মসলা|মসলায়|মসলার|মশলার|মসলাযুক্ত|মসলাদার	sibilant
শাক	149	true	typist	sak	সাক	DICTIONARY	সাক|শাক্য|শ্যাক|সাক্ষাৎ|সাক্ষী|সাক্ষ্য	sibilant
মশলাদার	87	true	typist	mosoladar	মসলাদার	DICTIONARY	মসলাদার	sibilant
আর্কাইভকৃত	78	false	canonical	arkaibhokrrit	আর্কাইভকর্মী	DICTIONARY	আর্কাইভকর্মী|আর্কাইভস	oov,conjunct_shape,vowel_initial
আর্কাইভকৃত	78	false	typist	arkaivokrrit	আর্কাইভকর্মী	DICTIONARY	আর্কাইভকর্মী|আর্কাইভ|আর্কাইভে|আর্কাইভস	oov,conjunct_shape,vowel_initial
শিম	70	true	typist	sim	সিম	DICTIONARY	সিম|সিমন|সিমেন্ট|সীমান্ত|সিমবা|sim	sibilant
দেশ	67	true	typist	des	দেস	DICTIONARY	দেস|ডেস|দ্বেষ|দেছ|দেশের|des	sibilant
পরিষ্কার	48	true	typist	poriskar	পরিস্কার	DICTIONARY	পরিস্কার|পরিষ্কারক|পরিষ্কারভাবে|পরিষ্কারের|পরিষ্কারকরণ|পরিষ্কারে	sibilant
আবিষ্কার	47	true	typist	abiskar	আবিস্কার	DICTIONARY	আবিস্কার|অবিষ্কার|আবিষ্কারক|আবিস্কারের|আবিষ্কারের|আবিষ্কারে	sibilant,vowel_initial
কর্নিশ	45	false	typist	kornis	করিস	DICTIONARY	করিস|কর্নিয়া|কর্নিয়ার|কর্নিয়াতে	oov,conjunct_shape
লাইকোপিন	40	false	canonical	laikopin	লাইকেন	DICTIONARY	লাইকেন|লাইক|লাইকা|লাইকে|লাইকোপেন|লাইকপিন	oov
পেস্টির	38	false	canonical	pestir	পেস্টার	ENGLISH_LEXICON	পেস্টার|পেস্ট|পেস্ট্রি|পেস্তা|pester|পেস্তির	oov
তিসির	36	false	canonical	tisir	টিসির	DICTIONARY	টিসির|তিসি|টিসি|টিসিএফ	oov,dental_retroflex
মশলার	35	true	typist	mosolar	মসলার	DICTIONARY	মসলার|মসলাই|মসলাও|মসলাকে|মসলাঘরে|মসলাগুলোর	sibilant
ঈস্ট	34	false	canonical	iist	ইস্ট	DICTIONARY	ইস্ট|ঈষৎ|ইস্কাটন|ইস্কান্দার|ইস্কন|ইস্কাটনে	oov,vowel_initial
ঈস্ট	34	false	typist	ist	ইস্ট	DICTIONARY	ইস্ট|ইস্টার|ইস্তফা|ইস্ত্রি|ইস্টার্ন|ist	oov,vowel_initial
বিকাশ	31	true	typist	bikas	বিকাস	DICTIONARY	বিকাস|বিকাশে|বিকাশকে|বিকাশশীল|বিকাশের|বিকাল	sibilant
ভালভাবে	26	true	typist	valovabe	ভালোভাবে	DICTIONARY	ভালোভাবে	inflected
কিশমিশ	25	true	typist	kisomis	কিসমিস	DICTIONARY	কিসমিস|কিসমিসের	sibilant
শুকরের	25	false	canonical	shukorer	শূকরের	DICTIONARY	শূকরের	oov,vowel_length,inflected
শুকরের	25	false	typist	sukorer	শূকরের	DICTIONARY	শূকরের	oov,vowel_length,inflected
অ্যাসিডের	24	false	canonical	oyasider	ওয়াসিদের	DICTIONARY	ওয়াসিদের|অ্যাসিডে|ওয়াসি দের|ওয়াসি দের	oov,conjunct_shape,inflected,vowel_initial
খাদ্যতালিকাগত	24	false	canonical	khadyotalikagot	খাদ্যতালিকা গত	DICTIONARY	খাদ্যতালিকা গত|খাদ্যতালিকা|খাদ্যতালিকায়|খাদ্যতালিকার|খাদ্যতালিকা গট	oov,split,long_compound
পিটালি	24	true	canonical	pitali	ইতালি	DICTIONARY	ইতালি|ইতালী|পিতা|পিটার|পিতার|পিতালি	ranking_other
রন্ধনসম্পর্কীয়	24	false	canonical	rondhonosomporkiiy	রন্ধন সম্পর্কীয়	DICTIONARY	রন্ধন সম্পর্কীয়|রন্ধনশৈলীতে|রন্ধনশৈলীর|রন্ধন সম্পর্কীয়|রন্ধন সম্পর্কিয়	oov,split,long_compound
রন্ধনসম্পর্কীয়	24	false	typist	rondhonosomporkiy	রন্ধন সম্পর্কীয়	DICTIONARY	রন্ধন সম্পর্কীয়|রন্ধনশৈলীতে|রন্ধনশৈলীর|রন্ধন সম্পর্কীয়|রন্ধন সম্পর্কিয়	oov,split,long_compound
শিমের	24	true	typist	simer	সিমের	DICTIONARY	সিমের|simer|সিমেট্রি|সিমেট্রিতে|সিমেণ্ট|সিমেন	sibilant,inflected
বালিশ	23	true	typist	balis	বালিস	DICTIONARY	বালিস|বালিক|বালিকা|বালিশের|বলিস|বালিশে	sibilant
স্প্যানিশ	23	true	typist	spyanis	স্প্যানিস	CLEAN_TRANSLITERATION	স্প্যানিস|স্প্যানিশদের|স্প্যানিশরা|স্প্যানিশে|স্প্যানিয়ার্ড|স্প্যানিক	sibilant
ইলিশ	22	true	typist	ilis	ইলিস	DICTIONARY	ইলিস|ইলিশা|ইলিং|ইলি|ইলিশের|ইলিশকে	sibilant,vowel_initial
গুপো	22	false	canonical	gupo	গুঁপো	DICTIONARY	গুঁপো|গুলো|গুপি|গুঁছা|গুঁজ|গুঁজছ	oov
ভাক্রি	21	false	canonical	bhakri	ভারি	DICTIONARY	ভারি|ভারী|ভ্যাকসিন|ভারও|ভাকুর্তা|ভ্যাকুয়াম	oov,conjunct_shape
ভাক্রি	21	false	typist	vakri	ভারি	DICTIONARY	ভারি	oov,conjunct_shape
কাসাভা	20	false	typist	kasava	কাসাভ	DICTIONARY	কাসাভ|কাঁসা|কাসা|কাঁসার|কাসানি|কাসাভের	oov
গজক	20	false	canonical	gojok	গজাক	DICTIONARY	গজাক|গজল|গজনভি|গজব|গজাই|গজাইও	oov
তামোল	20	false	canonical	tamol	তামিল	ENGLISH_LEXICON	তামিল|তামস|টামটা|তামরা|তামিম|tamil	oov
রন্ধনপ্রণালীতে	20	false	typist	rondhonopronalite	রন্ধন প্রণালিতে	DICTIONARY	রন্ধন প্রণালিতে|রন্ধনপ্রণালী|রন্ধনপ্রণালীর|রন্ধন প্রণালীতে	oov,split,vowel_length,long_compound,inflected
শিক	20	true	typist	sik	সিক	DICTIONARY	সিক|সিকিউরিটি|সিক্ত|সিক্স|সিক্রেট|সি	sibilant
মশলাযুক্ত	19	false	canonical	mosholazukt	মসলাযুক্ত	DICTIONARY	মসলাযুক্ত|মশলা|মশলার|মশলাদার	oov,sibilant
মশলাযুক্ত	19	false	typist	mosolajukt	মসলাযুক্ত	DICTIONARY	মসলাযুক্ত	oov,sibilant
ল্যাকটিক	19	false	canonical	lyakotik	ল্যাক্সিকন	DICTIONARY	ল্যাক্সিকন|ল্যাকটোজ|ল্যাকটেজ|ল্যাকটোব্যাসিলাস|ল্যাংভিক|ল্যাকস্টি	oov,conjunct_shape
সুশি	19	true	typist	susi	সুসি	DICTIONARY	সুসি|সুসিদ্ধ|সুশীল|সুশীতল|সুশিক্ষিত|susi	sibilant
স্ক্যাফোল্ড	19	false	canonical	skyaphold	স্কটল্যাল্ডের	DICTIONARY	স্কটল্যাল্ডের|স্ক্যান|স্ক্যানার|স্ক্যানিং	oov
স্ক্যাফোল্ড	19	false	typist	skyafold	স্কটল্যাল্ডের	DICTIONARY	স্কটল্যাল্ডের|স্ক্যান|স্ক্যানার|স্ক্যানিং	oov
কর্ণওয়ালের	17	false	canonical	kornooyaler	কর্নওয়ালের	DICTIONARY	কর্নওয়ালের|কর্নওয়ালের	oov,na_nna,inflected
মারমাইট	17	false	canonical	maromait	মারমাইত	CLEAN_TRANSLITERATION	মারমাইত|মারমাদের|মারমারা	oov,dental_retroflex
লাইকোপিনের	17	false	canonical	laikopiner	লাইক পিনের	DICTIONARY	লাইক পিনের|লাইক|লাইকা|লাইকেন|লাইকপিনের	oov,split,inflected
খ্রিস্টপূর্বাব্দে	16	false	canonical	khristopuurbabde	খ্রিষ্টপূর্বাব্দে	DICTIONARY	খ্রিষ্টপূর্বাব্দে|খ্রিষ্টপূর্বাব্দের	oov,sibilant,long_compound,inflected
খ্রিস্টপূর্বাব্দে	16	false	typist	khristopurbabde	খ্রিষ্টপূর্বাব্দে	DICTIONARY	খ্রিষ্টপূর্বাব্দে|খ্রিষ্টপূর্বাব্দের	oov,sibilant,long_compound,inflected
মাংশ	16	true	typist	mangs	মাংস	DICTIONARY	মাংস|মাংসের|মাংসে|মাংসাশী|মাংসও|মাংসল	sibilant
মিশরে	16	true	typist	misore	মিসরে	DICTIONARY	মিসরে|মিসরের|মিশরের|মিসরকে|মিসরই|মিসরও	sibilant,inflected
চাট	15	true	canonical	chat	চ্যাট	ENGLISH_LEXICON	চ্যাট|ছাত|ছাঁট|ছাট|চাঁট|chat	conjunct_shape
বাষ্প	15	true	typist	basp	বাস্প	DICTIONARY	বাস্প|বাষ্পীভবন|বাস্ক|বাস|বাষ্পীয়|বাস্কেট	sibilant
আচারযুক্ত	14	false	canonical	acharozukt	আচার যুক্ত	DICTIONARY	আচার যুক্ত|আচারণ|আচারগাঁও|আচারটা|আছার যুক্ত|আচারজুক্ত	oov,split,vowel_initial
আচারযুক্ত	14	false	typist	acharojukt	আচার যুক্ত	DICTIONARY	আচার যুক্ত|আচারণ|আচারগাঁও|আচারটা|আছার যুক্ত|আচারজুক্ত	oov,split,vowel_initial
আবিষ্কৃত	14	true	typist	abiskrrit	আবিস্কৃত	DICTIONARY	আবিস্কৃত	sibilant,vowel_initial
কর্ণওয়ালে	14	false	canonical	kornooyale	কর্নওয়ালে	DICTIONARY	কর্নওয়ালে|কর্নওয়ালের	oov,na_nna,inflected
মস্তিষ্কের	14	true	typist	mostisker	মস্তিস্কের	DICTIONARY	মস্তিস্কের	sibilant,inflected
শনাক্ত	14	true	typist	sonakt	সনাক্ত	DICTIONARY	সনাক্ত|সনাক্তযোগ্য|সনাক্তকরণ|সনাকের|শনাক্তকরণ|শনাক্তকারী	sibilant
সিঙাড়ার	14	false	canonical	singarar	শিঙাড়ার	DICTIONARY	শিঙাড়ার|শিঙাড়া	oov,sibilant
আশা	13	true	typist	asa	আসা	DICTIONARY	আসা|আসায়|আচ্ছা|আস্হা|আসার|আসাম	sibilant,vowel_initial
খরগোশ	13	true	typist	khorogos	খরগোস	DICTIONARY	খরগোস|খরগোশের|খরগোশকে|খরগোশগুলো|খরগোশপালক|খরগোশগুলোকে	sibilant
খ্রিস্টপূর্বাব্দ	13	false	canonical	khristopuurbabd	খ্রিষ্টপূর্বাব্দ	DICTIONARY	খ্রিষ্টপূর্বাব্দ|খৃষ্টপূর্বাব্দ|খ্রীষ্টপূর্বাব্দ|খ্রীস্টপূর্বাব্দ|খৃস্টপূর্বাব্দ|খ্রিষ্টপূর্বাব্দে	oov,sibilant,long_compound
খ্রিস্টপূর্বাব্দ	13	false	typist	khristopurbabd	খ্রিষ্টপূর্বাব্দ	DICTIONARY	খ্রিষ্টপূর্বাব্দ|খৃষ্টপূর্বাব্দ|খ্রীষ্টপূর্বাব্দ|খ্রীস্টপূর্বাব্দ|খৃস্টপূর্বাব্দ|খ্রিষ্টপূর্বাব্দে	oov,sibilant,long_compound
টোফু	13	false	canonical	tophu	তফু	DICTIONARY	তফু|টফু|তফসিল|তফসিলি|তোফায়েল|তফুর	oov
টোফু	13	false	typist	tofu	তফু	DICTIONARY	তফু|তো|তপু|তফসিল|tofu|তহু	oov
যের	13	false	typist	jer	জের	DICTIONARY	জের|জড়ের|জয়ের|জেরি|জেরে|জেরা	oov,ya_ja
আইরিশ	12	true	typist	airis	আইরিস	DICTIONARY	আইরিস|ইরিস|আইরিশদের|আইরিন|আইরিসের|আইরিনের	sibilant,vowel_initial
উৎসেচক	12	false	canonical	utosechok	উৎসে চক	DICTIONARY	উৎসে চক|উৎসের|উৎসে|উৎসে ছক|উতসেচক	oov,split,khanda_ta,vowel_initial
ক্যারোটিনয়েড	12	false	canonical	kyarotinoyed	ক্যারোটিন ওয়েড	DICTIONARY	ক্যারোটিন ওয়েড|ক্যারোটিন|ক্যারোটিন ওয়েড|ক্যারোটিন অয়েড	oov,split,long_compound
খ্রিস্টপূর্বাব্দের	12	false	canonical	khristopuurbabder	খ্রিষ্টপূর্বাব্দের	DICTIONARY	খ্রিষ্টপূর্বাব্দের	oov,sibilant,long_compound,inflected
খ্রিস্টপূর্বাব্দের	12	false	typist	khristopurbabder	খ্রিষ্টপূর্বাব্দের	DICTIONARY	খ্রিষ্টপূর্বাব্দের	oov,sibilant,long_compound,inflected
টুইস্টিস	12	false	canonical	tuistis	তুইস্তিস	CLEAN_TRANSLITERATION	তুইস্তিস|টুইস্ট|টুইস্টেড	oov,dental_retroflex
তোরতিয়া	12	false	canonical	torotiya	টুটিয়া	DICTIONARY	টুটিয়া|তোরটা|তরতাজা|তরতর|তরতিবওয়ারি|তরতিয়া	oov
মূলো	12	true	typist	mulo	মুলো	DICTIONARY	মুলো|মুলা|মুল|মূল|মুলত|মুলক	vowel_length
সিদল	12	false	canonical	sidol	সিডল	DICTIONARY	সিডল|সিডলেস|শিদলাই|সিডনি|সিডকা|সিদোল	oov,dental_retroflex
স্নাক	12	false	canonical	snak	সনাক	RULE	সনাক|স্ন্যাক্স|স্ন্যাকস|সাক|সনাতন|সয়না	oov,conjunct_shape
খোলাজালি	11	false	canonical	kholajali	খোলা জালি	DICTIONARY	খোলা জালি|খোলা|খোলার|খোলামেলা|খোলা যালি|খলাজালি	oov,split
গ্লুটেনিন	11	false	canonical	glutenin	গ্লুতেনিন	CLEAN_TRANSLITERATION	গ্লুতেনিন	oov,dental_retroflex
চিজবার্গার	11	false	canonical	chijobargar	চিজ বার্গার	DICTIONARY	চিজ বার্গার|চিজ|চিজি|চীজ|চীজ বার্গার	oov,split
পণ্যগুলির	11	false	canonical	ponyogulir	পণ্যগুলোর	DICTIONARY	পণ্যগুলোর|পণ্যগুলো|পণ্য গুলির	oov
পরিষেবা	11	true	typist	poriseba	পরিসেবা	DICTIONARY	পরিসেবা|পরিসংখ্যা|পরিষেবার|পরিষেবাটি|পরিষেবাও|পরিষেবাগুলো	sibilant
ল্যাক্টো	11	false	canonical	lyakto	ল্যাক তো	DICTIONARY	ল্যাক তো|ল্যাকটোজ|ল্যাক ত|ল্যাক টো	oov,split,conjunct_shape
শামী	11	true	canonical	shamii	স্বামী	DICTIONARY	স্বামী|শাম্মী|শামিল|শামীম|শামীমা|শামীমের	conjunct_shape
শামী	11	true	typist	sami	স্বামী	DICTIONARY	স্বামী|সামি|সামী|স্বামি|স্যামি|sami	conjunct_shape
শিরা	11	true	typist	sira	সিরা	DICTIONARY	সিরা|ছিঁড়া|ছিড়া|সিরাজ|সিরকা|সিরাজগঞ্জ	sibilant
স্ট্যাক	11	false	canonical	styak	স্টেক	ENGLISH_LEXICON	স্টেক|স্ট্যান্ডার্ড|স্ট্যানফোর্ড|স্ট্যাটাস|steak|স্ত্যাক	oov,conjunct_shape
স্ট্যু	11	false	canonical	styu	স্ত্যু	CLEAN_TRANSLITERATION	স্ত্যু|শতায়ু	oov,dental_retroflex
কাশি	10	true	typist	kasi	কাসি	DICTIONARY	কাসি|কাশী|কাছি|কাঁসি|কাসিম|kasi	sibilant
ক্যান্টোনিজ	10	false	canonical	kyantonij	ক্যান্টনিজ	DICTIONARY	ক্যান্টনিজ	oov
জেলাটিন	10	false	canonical	jelatin	জেলাটি	DICTIONARY	জেলাটি|জেলাধীন|জেলাটির|জেলাতিন	oov
নুডল	10	false	canonical	nudol	নুদল	CLEAN_TRANSLITERATION	নুদল|নুডলস|ডুডল|নূরল|নুরল|নুদুস	oov,dental_retroflex
ভর্তার	10	false	canonical	bhortar	ভরটার	RULE	ভরটার|ভর্তা	oov,conjunct_shape
ভর্তার	10	false	typist	vortar	ভোরটার	RULE	ভোরটার	oov,conjunct_shape
সাগো	10	false	canonical	sago	ছাগ	DICTIONARY	ছাগ|সাগর|সাগরিকা|সাগরেদ|সাগরের|সাগরে	oov
স্ক্যাফোল্ডের	10	false	canonical	skyapholder	স্কটল্যাল্ডের	DICTIONARY	স্কটল্যাল্ডের|স্ক্যান|স্ক্যানার|স্ক্যানিং|স্কটল্যান্ডের|স্কটল্যান্ডে	oov,long_compound,inflected
স্ক্যাফোল্ডের	10	false	typist	skyafolder	স্কটল্যাল্ডের	DICTIONARY	স্কটল্যাল্ডের|স্ক্যান|স্ক্যানার|স্ক্যানিং|স্কটল্যান্ডের|স্কটল্যান্ডে	oov,long_compound,inflected
ওভালটিনের	9	false	typist	ovalotiner	ওভালতিনের	CLEAN_TRANSLITERATION	ওভালতিনের	oov,dental_retroflex,inflected,vowel_initial
ক্রোকাস	9	false	canonical	krokas	প্রকাশ	DICTIONARY	প্রকাশ|ক্রোক|ক্রক|ক্রোকোডাইল	oov
গাঁজনকৃত	9	false	canonical	gajonokrrit	গাঁজন কৃত	DICTIONARY	গাঁজন কৃত|গাঁজন|গাজন|গাজনার|গাঁজন ক্রিট|গাঁজন ক্রীত	oov,split
গাঁজনের	9	false	canonical	gajoner	গাজনের	DICTIONARY	গাজনের|গাঁজন|গাজন|গাজনার|গায়নের	oov,chandrabindu_dropped,inflected
গোরেং	9	false	canonical	goreng	গড়েন	DICTIONARY	গড়েন|গড়েন|গড়েছি|গড়েছ|গরেং	oov
টডলার	9	false	canonical	todolar	তুলার	DICTIONARY	তুলার|তদনুসারে|তদন্ত|তদন্তের|তদন্তে|তদলার	oov
ডিওআই	9	false	canonical	dioai	ডিওয়াই	DICTIONARY	ডিওয়াই|দিওয়ানা|দিওয়ান|দিওয়ার|ডিওই|ডিওয়াই	oov,inflected
বংশাণুগত	9	false	canonical	bongshanugot	বংশ অনুগত	DICTIONARY	বংশ অনুগত|বংশানুক্রমিক|বংশাণু|বংশানুক্রমে|বংশানুগত	oov,split
বংশাণুগত	9	false	typist	bongsanugot	বংশ অনুগত	DICTIONARY	বংশ অনুগত|বংশানুক্রমিক|বংশাণু|বংশানুক্রমে|বংসানুগত	oov,split
বাবুগোশা	9	false	canonical	babugosha	বাবুগশা	CLEAN_TRANSLITERATION	বাবুগশা|বাবুছড়া|বাবুগঞ্জ|বাবুইপাখিটা	oov
বাবুগোশা	9	false	typist	babugosa	বাবুগসা	CLEAN_TRANSLITERATION	বাবুগসা|বাবুছড়া|বাবুগঞ্জ|বাবুইতুলসী|বাবুকড়ি	oov
বিশি	9	false	canonical	bishi	বিষয়ই	DICTIONARY	বিষয়ই|বিশী|বিশিষ্ট|বিশিষ্টতা|বিশিষ্টভাবে|বিশিষ্ট্য	oov
বিশি	9	false	typist	bisi	বিসি	DICTIONARY	বিসি|বিসিএস|বিসিক|বিসিজি|বিস|বিসিএসের	oov,sibilant
ভেজিমাইট	9	false	canonical	bhejimait	ভেজিমাইত	CLEAN_TRANSLITERATION	ভেজিমাইত|ভেজিটেবল	oov,dental_retroflex
ভেজিমাইট	9	false	typist	vejimait	ভেজিমাইত	CLEAN_TRANSLITERATION	ভেজিমাইত	oov,dental_retroflex
মিশর	9	true	typist	misor	মিসর	DICTIONARY	মিসর|মিসরের|মিসরে|মিসরি|মিসকল|মিসরীয়	sibilant
মেয়োনিজ	9	false	canonical	meyonij	মেয়নেজ	DICTIONARY	মেয়নেজ|মেয়র|মেয়নেজ|মেয়রের|মেয়রকে|মেয়নিজ	oov
ম্যাচার	9	false	canonical	myachar	মাচার	DICTIONARY	মাচার|ম্যাচ|ম্যাচে|ম্যাচের|মাচাং|মাচাঙ	oov,conjunct_shape
লিনোলেনিক	9	false	canonical	linolenik	লিনলেনিক	CLEAN_TRANSLITERATION	লিনলেনিক|লিনলিথগো	oov
স্ট্যাকের	9	false	canonical	styaker	স্ট্রেকার	ENGLISH_LEXICON	স্ট্রেকার|স্ট্যান্ডার্ড|স্ট্যানফোর্ড|স্ট্যাটাস|straker|স্ত্যাকের	oov,inflected
আবিষ্কারের	8	true	typist	abiskarer	আবিস্কারের	DICTIONARY	আবিস্কারের	sibilant,inflected,vowel_initial
উদ্ভিদভিত্তিক	8	false	canonical	udbhidobhittik	উদ্ভিদতাত্ত্বিক	DICTIONARY	উদ্ভিদতাত্ত্বিক|উদ্ভিদভোজী|উদ্ভিদবিজ্ঞানী|উদ্ভিদপ্রজাতি|উদ্ভিদতত্ত্ববিদ	oov,conjunct_shape,long_compound,vowel_initial
কর্ণওয়াল	8	false	canonical	kornooyal	কর্নওয়াল	DICTIONARY	কর্নওয়াল|কর্নওয়ালিস|কর্নওয়ালিশ|কর্নওয়ালিসের|কর্নওয়ালের|কর্নওয়ালিশের	oov,na_nna
কাঁচাগোল্লার	8	false	canonical	kachagollar	কাঁচাগোল্লা	DICTIONARY	কাঁচাগোল্লা|কাঁচা|কাচা|কাচারী|কাছছাড়া	oov,long_compound
কোশার	8	false	canonical	koshar	কোষার	DICTIONARY	কোষার|কোষাধ্যক্ষ|কোষাগার|কষাকষি|কোষাগারে|কোষাগারের	oov,sibilant
কোশার	8	false	typist	kosar	কসার	DICTIONARY	কসার|কসাই|কসাক|করার|কসাইয়ের|কসাইখানার	oov
ক্যাভিয়ার	8	false	canonical	kyabhiyar	ক্যাভালরি	DICTIONARY	ক্যাভালরি|ক্যাভেন্ডিস|ক্যাভালরির|ক্যাভেন্ডার	oov
ক্যাভিয়ার	8	false	typist	kyaviyar	ক্যাভালরি	DICTIONARY	ক্যাভালরি	oov
ক্যাসিন	8	false	canonical	kyasin	ইয়াসিন	ENGLISH_LEXICON	ইয়াসিন|ইয়াসিন|ক্যাসিনো|ক্যাসিনোতে|ক্যাসিনোর|yasin	oov,conjunct_shape
খ্রিষ্টপূর্ব	8	true	typist	khristopurb	খ্রিস্টপূর্ব	DICTIONARY	খ্রিস্টপূর্ব|খৃস্টপূর্ব|খ্রীস্টপূর্ব|খ্রীষ্টপূর্ব|খৃষ্টপূর্ব|খ্রিষ্টপূর্বাব্দ	sibilant,long_compound
গ্লাইকোঅ্যালকালয়েড	8	false	canonical	glaikooyalokaloyed	গ্লাইকুয়ালকালয়েদ	CLEAN_TRANSLITERATION	গ্লাইকুয়ালকালয়েদ|গ্লাইকোজেন|গ্লাইকোপ্রোটিন|গ্লাইকোলাইসিস	oov,conjunct_shape,long_compound
চোউ	8	false	canonical	chou	চৌ	DICTIONARY	চৌ|ছৌ|চো|চৌধুরী|চু|chou	oov
ছিরকা	8	false	typist	chiroka	চিরকাল	DICTIONARY	চিরকাল|চিরকালই|চিরকালীন|চিরকুট|চিরকুমার|চিরকা	oov
টার্ট	8	false	canonical	tart	তার্ত	DICTIONARY	তার্ত|তারতম্য|টার্টল|তারতম্যের|tart|তার্কিক	oov,dental_retroflex
ডুরিয়ান	8	false	canonical	duriyan	দুরিয়ান	CLEAN_TRANSLITERATION	দুরিয়ান|ডুরি|দূরীভূত|দূরীকরণ	oov,dental_retroflex
ডোলমা	8	false	canonical	doloma	দোলমা	DICTIONARY	দোলমা|দলমাদল|ডলোমাইট|দলটা|ডলোরেস|ডলটা	oov,dental_retroflex
দেগ	8	false	canonical	deg	ডেগ	DICTIONARY	ডেগ|দেগু|দেগে|ডিগ্রি|ডে|দে	oov,dental_retroflex
নাইট্রাইট	8	false	canonical	naitrait	নাইওরযাত্রা	DICTIONARY	নাইওরযাত্রা|নাইট্রাস	oov
পাশের	8	true	typist	paser	পাসের	DICTIONARY	পাসের|পাসেও|পেপার|পাঁকে|paser|পাছের	sibilant,inflected
পাস্তুরায়ন	8	false	canonical	pasturayon	পাস্তুরায়ণ	DICTIONARY	পাস্তুরায়ণ|পাস্তুর|পাস্তুরিত|পাস্তুরায়ণ	oov,na_nna
পুষ্ট	8	true	typist	pust	পুস্ত	DICTIONARY	পুস্ত|পুস্তক|পুস্তিকা|পুস্তকে|পুস্তকের|পুস্তকাকারে	ranking_other
পোরিজ	8	false	canonical	porij	পড়ি	DICTIONARY	পড়ি|পরিজন|পরিজনের|পরিজনকে|পরিচিত|পরিজ	oov
প্রিমোক্যান	8	false	canonical	primokyan	প্রিম ক্যান	DICTIONARY	প্রিম ক্যান|প্রিম|প্রিমিয়ার|প্রিমিয়াম	oov,split
ফিশ	8	true	typist	fis	অফিস	DICTIONARY	অফিস|ফিস	ranking_other
বংশাণুগতভাবে	8	false	canonical	bongshanugotobhabe	বংশানুগতভাবে	CLEAN_TRANSLITERATION	বংশানুগতভাবে|বংশানুক্রমিক|বংশাণু|বংশানুক্রমে	oov,na_nna,long_compound,inflected
বংশাণুগতভাবে	8	false	typist	bongsanugotovabe	বংসানুগতভাবে	CLEAN_TRANSLITERATION	বংসানুগতভাবে|বংশানুক্রমিক|বংশগতভাবে|বংশাণু|বংশানুক্রমে	oov,long_compound,inflected
বোভাইন	8	false	canonical	bobhain	বভাজন	RULE	বভাজন|ব্যভিচার|ব্যভিচারী|বোভোয়ার	oov
বোভাইন	8	false	typist	bovain	বভাজন	RULE	বভাজন	oov
মিগ্রা	8	false	canonical	migra	মিগরা	DICTIONARY	মিগরা|মিগেল|মীরা|মিগ্যান|মিংমা|মিংক	oov,conjunct_shape,inflected
মুর্তাবাক	8	false	canonical	murtabak	মুর্তাজা	DICTIONARY	মুর্তাজা|মুর্তার|মুর্তজাকে|মুর্তজারা|মূর্তজাকে|মূর্খতাকে	oov
শিট	8	true	typist	sit	সিট	DICTIONARY	সিট|সীট|শীত|সিটি|সিটে|sit	sibilant
স্বাদবর্ধক	8	false	canonical	swadobordhok	স্বাদ অবর্ধক	DICTIONARY	স্বাদ অবর্ধক|স্বাদযুক্ত|স্বাদটা|স্বাদহীন	oov,split
হালুশকি	8	false	typist	halusoki	হালুসকি	CLEAN_TRANSLITERATION	হালুসকি|হ্যালুসিনেশন	oov,sibilant
অক্সালিস	7	false	canonical	oksalis	ওক্সালিস	CLEAN_TRANSLITERATION	ওক্সালিস|অক্সাইড|অক্সাইডের|অক্সাইডে|অক্সালিক	oov,vowel_initial
আই	7	true	canonical	ai	এই	DICTIONARY	এই|আইড়|আড়ি|আয়ই|অই|ai	vowel_initial
আনস্যাচুরেটেড	7	false	canonical	anosyachureted	আনো স্যাচুরেটেড	DICTIONARY	আনো স্যাচুরেটেড|আনসার|আনসারদের|আনসারি	oov,split,long_compound,vowel_initial
একবর্ষজীবী	7	false	canonical	ekoborshojiibii	একো বর্ষজীবী	DICTIONARY	একো বর্ষজীবী|একবচন|একবছর|একবচনে	oov,split,vowel_initial
একবর্ষজীবী	7	false	typist	ekoborsojibi	একো বর্ষজীবী	DICTIONARY	একো বর্ষজীবী|একবচন|একবছর|একবচনে	oov,split,vowel_initial
এরগোটিজম	7	false	canonical	erogotijom	এরগতিজম	CLEAN_TRANSLITERATION	এরগতিজম	oov,vowel_initial
ওভোমল্টাইন	7	false	canonical	obhomoltain	ওভমল্তাইন	CLEAN_TRANSLITERATION	ওভমল্তাইন|অভদ্র|অভয়|অভয়ারণ্য	oov,vowel_initial
ওভোমল্টাইন	7	false	typist	ovomoltain	ওভমল্তাইন	CLEAN_TRANSLITERATION	ওভমল্তাইন	oov,vowel_initial
কপরা	7	false	canonical	kopora	কোপরা	DICTIONARY	কোপরা|কোপটা|কোপাইও|কোপাইত|কররা|কোপাইতাম	oov
কার্সিনোজেনিক	7	false	canonical	karsinojenik	কার্সিনোজেনিকের	DICTIONARY	কার্সিনোজেনিকের|কার্শিয়াং	oov,long_compound
ক্রাটেইগাস	7	false	canonical	krateigas	ক্রাতেইগাস	CLEAN_TRANSLITERATION	ক্রাতেইগাস	oov,dental_retroflex
খামিরযুক্ত	7	false	canonical	khamirozukt	খামির যুক্ত	DICTIONARY	খামির যুক্ত|খামির|খামিরজুক্ত	oov,split
খামিরযুক্ত	7	false	typist	khamirojukt	খামির যুক্ত	DICTIONARY	খামির যুক্ত|খামির|খামিরজুক্ত	oov,split
খিচড়া	7	false	canonical	khichora	খিচোরা	DICTIONARY	খিচোরা|খিচ|খিঁচুনি|খিচুড়ি	oov
জইয়ের	7	false	canonical	joiyer	জয়ের	DICTIONARY	জয়ের|জৈনদের|জয়ের|জৈয়ের	oov,inflected
জুশি	7	false	canonical	jushi	জুসি	DICTIONARY	জুসি	oov,sibilant
জুশি	7	false	typist	jusi	জুসি	DICTIONARY	জুসি	oov,sibilant
টডলারদের	7	false	canonical	todolaroder	তদলারদের	CLEAN_TRANSLITERATION	তদলারদের|তদন্ত|তদন্তের|তদন্তে	oov,inflected
তিরামিসু	7	false	canonical	tiramisu	টিরমিসু	ENGLISH_LEXICON	টিরমিসু|তিরানা|তিরানার|tiramisu	oov
দুগ্ধজাতীয়	7	false	typist	dugdhojatiy	দুগ্ধ জাতীয়	DICTIONARY	দুগ্ধ জাতীয়|দুগ্ধজাত|দুগ্ধ যাতীয়|দুগ্ধ জাতীয়|দুগ্ধজাতিয়	oov,split
দ্রাক্ষাসুরা	7	false	canonical	drakkhasura	দ্রাক্ষা সুরা	DICTIONARY	দ্রাক্ষা সুরা|দ্রাক্ষারস|দ্রাক্ষা|দ্রাক্ষা শুরা|দ্রাক্ষা সুড়া|দ্রাক্ষা সূরা	oov,split,long_compound,inflected
পরিবেশণ	7	false	canonical	poribeshon	পরিবেশন	DICTIONARY	পরিবেশন|পরিবেষণ|পরিবেশনের|পরিবেশনার|পরিবেশনকারী|পরিবেশনা	oov,na_nna
পরিবেশণ	7	false	typist	poribeson	পরিবেশন	DICTIONARY	পরিবেশন|পরিবেষণ|পরিবেশনের|পরিবেশনার|পরিবেশনকারী|পরিবেশনা	oov,na_nna
পেশি	7	true	typist	pesi	পেসি	DICTIONARY	পেসি|পেশী|পেশির|পেশীর|পেস|পেশীতে	sibilant
পেষ্ট	7	true	typist	pest	পেস্ট	DICTIONARY	পেস্ট|পেস্ট্রি|পেস্তা|পোস্ট|পেস|pest	sibilant
পেস্টিতে	7	false	canonical	pestite	পটিট	ENGLISH_LEXICON	পটিট|পেস্ট|পেস্ট্রি|পেস্তা|petite|পেস্ট্রিতে	oov,conjunct_shape,inflected
ফা	7	false	canonical	pha	ফ্যা	DICTIONARY	ফ্যা|ফাইল|ফার্সি|ফালতু|ফায়ার|ফারুক	oov,conjunct_shape
ফা	7	false	typist	fa	ফ্যা	DICTIONARY	ফ্যা	oov,conjunct_shape
ফ্রুটিং	7	false	canonical	fruting	ফ্রুতিং	CLEAN_TRANSLITERATION	ফ্রুতিং|ফ্রুটিকা	oov,dental_retroflex
বায়োরিয়েক্টর	7	false	canonical	bayoriyektor	বায়রিয়েক্তর	CLEAN_TRANSLITERATION	বায়রিয়েক্তর|বায়রন|বায়রা|বায়রনের	oov,long_compound
বীজযুক্ত	7	false	canonical	biijozukt	বীজ যুক্ত	DICTIONARY	বীজ যুক্ত|বীজগণিত|বীজগাণিতিক|বীজগণিতের|বিজ যুক্ত|বীজজুক্ত	oov,split
বীজযুক্ত	7	false	typist	bijojukt	বিজজুক্ত	CLEAN_TRANSLITERATION	বিজজুক্ত|বিষযুক্ত|বিজয়ী|বিজয়|বিজনেস|বিজনকান্তি	oov
ব্যবহারসমূহ	7	false	canonical	byoboharosomuuh	ব্যবহার সমূহ	DICTIONARY	ব্যবহার সমূহ|ব্যবহারকারী|ব্যবহারকারীদের|ব্যবহারকারীর|ব্যবহার সমুহ	oov,split
ব্যবহারসমূহ	7	false	typist	byoboharosomuh	ব্যবহার সমূহ	DICTIONARY	ব্যবহার সমূহ|ব্যবহারকারী|ব্যবহারকারীদের|ব্যবহারকারীর|ব্যবহার সমুহ	oov,split
মশলায়	7	false	canonical	mosholay	মসলায়	DICTIONARY	মসলায়|মশলা|মশলার|মশলাদার|মসলায়|মসল্লায়	oov,sibilant
মশলায়	7	false	typist	mosolay	মসলায়	DICTIONARY	মসলায়|মসল্লায়|মসলাই|মসলাও|মসলায়|মসলাকে	oov,sibilant
মাংশের	7	true	typist	mangser	মাংসের	DICTIONARY	মাংসের|মাংসও|মাংসকে|মাংসপিণ্ডের|মাংসটা|মাংসই	sibilant,inflected
মার্তাবাক	7	false	canonical	martabak	মার্তা	DICTIONARY	মার্তা|মারতাম|মার্তিনার	oov
মিসো	7	true	canonical	miso	মিশো	DICTIONARY	মিশো|মিস|মিসর|মিশ|মিসরের|মিসরে	sibilant
রন্ধনসম্পর্কিত	7	false	canonical	rondhonosomporkit	রন্ধন সম্পর্কিত	DICTIONARY	রন্ধন সম্পর্কিত|রন্ধনশৈলীতে|রন্ধনশৈলীর|রন্ধন সম্পর্কীত	oov,split,long_compound
রুটিজাতীয়	7	false	canonical	rutijatiiy	রুটি জাতীয়	DICTIONARY	রুটি জাতীয়|রুটি|রুটিন|রুটির|রুতি জাতীয়|রুতিজাতীয়	oov,split
রুটিজাতীয়	7	false	typist	rutijatiy	রুটি জাতীয়	DICTIONARY	রুটি জাতীয়|রুটি|রুটিন|রুটির|রুতি জাতীয়|রুতিজাতিয়	oov,split
লিনসিড	7	false	canonical	linosid	লিনসিদ	CLEAN_TRANSLITERATION	লিনসিদ|লিনো|লিনডা|লিনলিথগো|লিনডসি	oov,dental_retroflex
শাল	7	true	typist	sal	সাল	DICTIONARY	সাল|সালে|সালের|সাঁ|সাঁই|সা	sibilant
শিকে	7	true	typist	sike	সিকে	DICTIONARY	সিকে|সিকি|সিক|সিএ|শিকের|সিক্কা	sibilant,inflected
সেনোরিতা	7	false	canonical	senorita	সেনোরিটা	DICTIONARY	সেনোরিটা|সেনগুপ্ত|সেনবাগ|সেনকে	oov,dental_retroflex
হাইড্রোজেনেটেড	7	false	canonical	haidrojeneted	হাইদ্রজেনেতেদ	CLEAN_TRANSLITERATION	হাইদ্রজেনেতেদ|হাইড্রোজেনের	oov,long_compound
হাইড্রোলাইজড	7	false	canonical	haidrolaijod	হাইদ্রলাইজদ	CLEAN_TRANSLITERATION	হাইদ্রলাইজদ|হাইড্রোলিক|হাইড্রলিক	oov,long_compound
অ্যান্থোসায়ানিন	6	false	canonical	oyanthosayanin	ওয়ান্থসায়ানিন	CLEAN_TRANSLITERATION	ওয়ান্থসায়ানিন|অ্যান্থনি|অ্যান্থনির	oov,conjunct_shape,long_compound,vowel_initial
অ্যামারান্থাস	6	false	canonical	oyamaranthas	ওয়ামারান্থাস	CLEAN_TRANSLITERATION	ওয়ামারান্থাস|অ্যামাজন|অ্যামান্ডা|অ্যামাইনো	oov,conjunct_shape,long_compound,vowel_initial
অ্যালাইল	6	false	canonical	oyalail	ওয়াইল	DICTIONARY	ওয়াইল|ওয়াইল|ওয়ালাইকুম|অ্যালাইড|ওয়ালাইল	oov,conjunct_shape,vowel_initial
ইগবো	6	false	canonical	igobo	ইগোবো	DICTIONARY	ইগোবো	oov,vowel_initial
উইকিঅভিধানে	6	false	canonical	uikiobhidhane	উইকি অভিধানে	DICTIONARY	উইকি অভিধানে|উইকিপিডিয়া|উইকিপিডিয়ার|উইকিপিডিয়ায়|উইকিওভিধানে	oov,split,inflected,vowel_initial
উইকিঅভিধানে	6	false	typist	uikiovidhane	উইকি অভিধানে	DICTIONARY	উইকি অভিধানে|উইকিপিডিয়া|উইকিপিডিয়ার|উইকিপিডিয়ায়|উইকিওভিধানে	oov,split,inflected,vowel_initial
উষনি	6	false	canonical	ushoni	শনি	DICTIONARY	শনি|উষর|উশর|ঊষর|উশনি	oov,vowel_initial
উষনি	6	false	typist	usoni	সনি	DICTIONARY	সনি|উচ্ছন্ন|উসনি	oov,vowel_initial
এনকুর্তিদো	6	false	canonical	enokurtido	এনকুর্তিদ	CLEAN_TRANSLITERATION	এনকুর্তিদ|এনকোড|এনক্রিপশন|এনকাউন্টার	oov,final_okar_dropped,vowel_initial
ওট	6	false	canonical	ot	অত	DICTIONARY	অত|ওত|ওঁত|অট্ট|অতএব|অতঃপর	oov,vowel_initial
কিসরা	6	false	canonical	kisora	কিশোরা	DICTIONARY	কিশোরা|কিশোর|কিশোরগঞ্জ|কিশোরী	oov,inflected
কোরমাহ	6	false	canonical	koromah	কোরমা	DICTIONARY	কোরমা|করমুক্ত|করমু|করমচা|কোরমান|করমাহ	oov
কোশের	6	false	canonical	kosher	কোষের	DICTIONARY	কোষের|কশেরুকা|কশেরুকার|kosher|কষের|কোশার	oov,sibilant,inflected
কোশের	6	false	typist	koser	কোষের	DICTIONARY	কোষের|কশেরুকা|কোষে|কশেরুকার|কষের|কছের	oov,sibilant,inflected
ক্যাপসাইসিন	6	false	canonical	kyaposaisin	ক্যাপসিকামসহ	DICTIONARY	ক্যাপসিকামসহ|ক্যাপসুল|ক্যাপশন|ক্যাপসুলের	oov
গোচুজাং	6	false	canonical	gochujang	গোছ হুয়াং	DICTIONARY	গোছ হুয়াং|গোছানো|গোছগাছ|গোচর|গোচ হুয়াং|গচুজাং	oov,split
গ্রীস	6	false	typist	gris	গ্রিস	DICTIONARY	গ্রিস|গ্রিসের|গ্রিসে|গ্রীষ্মকালীন|গ্রীষ্ম|গ্রিক	oov,vowel_length
গ্লুকোসাইড	6	false	canonical	glukosaid	গ্লুকসাইদ	CLEAN_TRANSLITERATION	গ্লুকসাইদ|গ্লুকোজ|গ্লুকোজের|গ্লুকোমা|গ্লাইকোসাইডস	oov
গ্লুটেনের	6	false	canonical	glutener	গ্লুতেনের	CLEAN_TRANSLITERATION	গ্লুতেনের|glutener|গ্লাইকোজেনের	oov,dental_retroflex,inflected
জাতগুলিতে	6	false	canonical	jatogulite	যতগুলিতে	DICTIONARY	যতগুলিতে|জাতগুলি|জাতগুলির|জত গুলিতে	oov,inflected
জালাপেনো	6	false	canonical	jalapeno	হ্যালপিনিও	ENGLISH_LEXICON	হ্যালপিনিও|ঝালাপালা|জ্বালাপোড়া|jalapeno	oov,conjunct_shape
ডাইস্যাকারাইড	6	false	canonical	daisyakaraid	দাইস্যাকারাইদ	CLEAN_TRANSLITERATION	দাইস্যাকারাইদ|ডাইস|ডাইসন	oov,dental_retroflex,long_compound
ডেভনে	6	false	canonical	debhone	ডেভন	DICTIONARY	ডেভন|ডেভকে|ডেভলপমেন্ট|ডেভলপার|ডেভোনে|দেভনে	oov,inflected
ডেভনে	6	false	typist	devone	ডেভন	DICTIONARY	ডেভন|ডেভকে|ডেভোনে|ডেভনের|দেভনে	oov,inflected
প্যাকড	6	false	canonical	pyakod	ব্যাকড	DICTIONARY	ব্যাকড|প্যাকআপ	oov
প্রিবায়োটিক	6	false	canonical	pribayotik	প্রি বায়োটিক	DICTIONARY	প্রি বায়োটিক|প্রিভি|প্রিভেনশন|প্রিভিউ|পৃ বায়োটিক|প্রি বায়োটিক	oov,split
প্রোটিজ	6	false	canonical	protij	প্রতি	DICTIONARY	প্রতি|প্রতিযোগী|প্রতিষ্ঠিত|প্রতিটি|প্রতিষ্ঠা|প্রতিজন	oov
বিশ	6	true	typist	bis	বিস	DICTIONARY	বিস|বিশ্ব|বিশ্বাস|বিশেষ|বিষয়ে|বিশ্বের	sibilant
বিশবারমাক	6	false	typist	bisobaromak	বিসবারমাক	CLEAN_TRANSLITERATION	বিসবারমাক|বিশ্বব্যাপী|বিশ্বব্যাংক|বিশ্বব্যাংকের	oov,sibilant
বেলডাঙার	6	false	canonical	belodangar	বেল ডাঙার	DICTIONARY	বেল ডাঙার|বেলডাঙ্গা|বেলদাঙার	oov,split
বোর্শ	6	false	canonical	borsh	বর্ষ	DICTIONARY	বর্ষ|বর্ষপঞ্জি|বর্ষা|বর্ষণ|বর্ষপঞ্জী|বর্ষসেরা	oov
বোর্শ	6	false	typist	bors	বর্ষ	DICTIONARY	বর্ষ|বর্ষপঞ্জি|বর্ষা|বর্ষণ|বর্গ|বর্ষপঞ্জী	oov
ব্রাশ	6	true	typist	bras	ব্রাস	DICTIONARY	ব্রাস|ব্রা|ব্রাসেলস|বাস|ব্রাসেলসের|bras	sibilant
ভিটাম	6	false	canonical	bhitam	ভিটা	DICTIONARY	ভিটা|ভিটামিন|ভিটায়|ভিটার|ভিটামিনের|ভিতাম	oov
ভিটাম	6	false	typist	vitam	ভাইটা	ENGLISH_LEXICON	ভাইটা|vita|vital|vitam|ভিটা	oov
ভোজনপ্রণালী	6	false	canonical	bhojonopronalii	ভোজন প্রণালী	DICTIONARY	ভোজন প্রণালী|ভজনপুর|ভোজন প্রণালি	oov,split
ভোজনপ্রণালী	6	false	typist	vojonopronali	ভজনপ্রনালি	CLEAN_TRANSLITERATION	ভজনপ্রনালি	oov
মনোস্যাকারাইড	6	false	canonical	monosyakaraid	মনস্যাকারাইদ	CLEAN_TRANSLITERATION	মনস্যাকারাইদ|মনসুর|মনসা|মনস্তাত্ত্বিক	oov,long_compound
মিশ্রণকে	6	false	canonical	mishronoke	মিশনকে	DICTIONARY	মিশনকে|মিশ্রণটি|মিশ্রণও|মিশ্রনকে	oov,conjunct_shape,inflected
মিশ্রণকে	6	false	typist	misronoke	মিশনকে	DICTIONARY	মিশনকে|মিশ্রণটি|মিশ্রণও	oov,conjunct_shape,inflected
মিশ্রণটিকে	6	false	typist	misronotike	মিশ্রণ টিকে	DICTIONARY	মিশ্রণ টিকে|মিশ্রণটি|মিশ্রন টিকে	oov,split,inflected
মেসোআমেরিকান	6	false	canonical	mesoamerikan	মেস অ্যামেরিকান	DICTIONARY	মেস অ্যামেরিকান|মেসন|মেসোপটেমিয়া|মেসোপটেমিয়ার|মেসআমেরিকান	oov,split,conjunct_shape,long_compound
রিকম্বিন্যান্ট	6	false	canonical	rikombinyant	রিকম্বিন্যান্ত	CLEAN_TRANSLITERATION	রিকম্বিন্যান্ত|রিকো|রিকশা|রিকস	oov,dental_retroflex,long_compound
রেনেট	6	false	canonical	renet	রেন্ট	ENGLISH_LEXICON	রেন্ট|রেনে|রেনেসাঁ|রেনেসাঁর|rent|রেনেত	oov,conjunct_shape
লালঠুঁটি	6	false	canonical	lalothuti	লালথুতি	CLEAN_TRANSLITERATION	লালথুতি|লালকুঠি|লালটার|লালটা	oov,chandrabindu_dropped,inflected
লিনোলিয়াম	6	false	canonical	linoliyam	লিন লিয়াম	DICTIONARY	লিন লিয়াম|লিনলিথগো|লিন লিয়াম|লীন লিয়াম|লিনলিয়াম	oov,split
শিরমাল	6	false	typist	siromal	সিরমাল	CLEAN_TRANSLITERATION	সিরমাল|শিরোমণি|শিরোমনি	oov,sibilant
শেলফ	6	true	typist	selof	সেলফ	DICTIONARY	সেলফ|সেলফি|সেলফির|সেলফোন|শেলফে|সেলকে	sibilant
সালোকসংশ্লেষী	6	false	typist	salokosongslesi	সালোকসংশ্লেষি	DICTIONARY	সালোকসংশ্লেষি|সালোকসংশ্লেষ|সালোকসংশ্লেষণ|সালোকসংশ্লেষণের	oov,vowel_length,long_compound
সিন্থেটিক	6	false	canonical	sinthetik	সিনথেটিক	DICTIONARY	সিনথেটিক|সিন্থেসাইজার|সিন্থেতিক	oov,conjunct_shape
সেনোভিস	6	false	canonical	senobhis	সেনভিস	CLEAN_TRANSLITERATION	সেনভিস|সেনবাগ|সেনবাগের|সেনবাগে	oov
সেনোভিস	6	false	typist	senovis	সেনভিস	CLEAN_TRANSLITERATION	সেনভিস|সেনগুপ্ত|সেনবাগ|সেনকে	oov
স্কোভিল	6	false	canonical	skobhil	স্কভিল	DICTIONARY	স্কভিল|সড়কই	oov
স্কোভিল	6	false	typist	skovil	স্কভিল	DICTIONARY	স্কভিল|সড়কই	oov
স্টারজন	6	false	canonical	starojon	স্তারজন	CLEAN_TRANSLITERATION	স্তারজন|স্টারলিং|স্টারমার|স্টারমারের	oov,dental_retroflex
স্বাদগ্রহণ	6	false	canonical	swadogrohon	স্বাক্ষরবিহীন	DICTIONARY	স্বাক্ষরবিহীন|স্বাদযুক্ত|স্বাদটা|স্বাদও|স্বাক্ষরদান	oov
অস্ট্রোনেশীয়	5	false	canonical	ostroneshiiy	ওস্ত্রনেশীয়	CLEAN_TRANSLITERATION	ওস্ত্রনেশীয়|অস্ত্রোপচার|অস্ত্রোপচারের|অস্ত্রগুলো	oov,long_compound,vowel_initial
অস্ট্রোনেশীয়	5	false	typist	ostronesiy	ওস্ত্রনেসিয়	CLEAN_TRANSLITERATION	ওস্ত্রনেসিয়|অস্ত্রোপচার|অস্ত্রোপচারের|অস্ত্রগুলো	oov,long_compound,vowel_initial
অ্যাক্রিলামাইড	5	false	canonical	oyakrilamaid	ওয়াক্রিলামাইদ	CLEAN_TRANSLITERATION	ওয়াক্রিলামাইদ|অ্যাক্রিলিক	oov,conjunct_shape,long_compound,vowel_initial
অ্যাপ্রিকট	5	false	canonical	oyaprikot	ওয়াপ্রিকত	CLEAN_TRANSLITERATION	ওয়াপ্রিকত|অ্যাপ্রোন|অ্যাপ্রোচ	oov,conjunct_shape,vowel_initial
আইওয়াইডব্লিউএফ	5	false	canonical	aioyaidobliueph	আইওয়াইদব্লিউএফ	CLEAN_TRANSLITERATION	আইওয়াইদব্লিউএফ|আইওয়া|আইওয়ার|আইওয়াশ	oov,dental_retroflex,long_compound,vowel_initial
আইওয়াইডব্লিউএফ	5	false	typist	aioyaidobliuef	আইওয়াইদব্লিউএফ	CLEAN_TRANSLITERATION	আইওয়াইদব্লিউএফ|আইওয়া|আইওয়ার|আইওয়াশ	oov,dental_retroflex,long_compound,vowel_initial
আইসোথায়োসায়ানেট	5	false	canonical	aisothayosayanet	আইসথায়সায়ানেত	CLEAN_TRANSLITERATION	আইসথায়সায়ানেত|আইসোটোপ|আইসোটোপের|আইসোটোপটি	oov,long_compound,vowel_initial
আন্তঃসরকারি	5	false	canonical	antossorokari	আন্তঃসরকার	DICTIONARY	আন্তঃসরকার|আন্তঃসংযোগ|আন্তঃসম্পর্ক|আন্তঃসঙ্করণ	oov,vowel_initial
আপ্পাম	5	false	canonical	appam	অ্যাডাম	ENGLISH_LEXICON	অ্যাডাম|আপ্যায়ন|আপ্যায়নের|আপ্যায়িত|adam|আপাম	oov,vowel_initial
ইংলিশ	5	true	typist	inglis	ইংলিস	DICTIONARY	ইংলিস|ইংলিশে|ইংলিশম্যান|ইংলিশম্যানের|ইংলিশই|ইংলিশও	sibilant,vowel_initial
ঈস্টের	5	false	canonical	iister	ইন্টার	ENGLISH_LEXICON	ইন্টার|ঈষৎ|inter|mister|iister|ইষ্টের	oov,inflected,vowel_initial
ঈস্টের	5	false	typist	ister	ইস্টের	DICTIONARY	ইস্টের	oov,inflected,vowel_initial
এফিড	5	false	canonical	ephid	ফিড	DICTIONARY	ফিড|এফিসিয়েন্সি|ফীদ|এফিডেভিট|এফিদ	oov,vowel_initial
এফিড	5	false	typist	efid	এইড	DICTIONARY	এইড|এইই|এইউ|এই|ঈদ|এফিদ	oov,vowel_initial
ওটস	5	false	canonical	otos	অটোস	DICTIONARY	অটোস|অতসী|অতশত|অটোসোম|অটো|ওটস্	oov,vowel_initial
কর্ণিশ	5	false	canonical	kornish	কর্নিশ	ENGLISH_LEXICON	কর্নিশ|কর্নিয়া|কর্নিয়ার|কর্নিয়াতে|cornish|কর্ণিক	oov,na_nna
কর্ণিশ	5	false	typist	kornis	করিস	DICTIONARY	করিস|কর্নিয়া|কর্নিয়ার|কর্নিয়াতে	oov,conjunct_shape
কাশির	5	true	typist	kasir	কাসির	DICTIONARY	কাসির|কাশীর|কাছির|কাসর|কাশীরাম|কাশীরামের	sibilant
কেককে	5	false	canonical	kekoke	কেকাকে	DICTIONARY	কেকাকে|কেকটা|কাককে|কেকটার|কেকারব|কেটকে	oov,inflected
কেজিন	5	false	canonical	kejin	কেভিন	ENGLISH_LEXICON	কেভিন|কেজি|কেজির|কেভি|কেজিতে|kevin	oov
কোকসা	5	false	canonical	kokosa	কোকোসা	DICTIONARY	কোকোসা|ককটেল|কোকো|ককবরক|কোকোকে|কোকোদা	oov
কোষগুলিকে	5	false	canonical	koshogulike	কোষ গুলিকে	DICTIONARY	কোষ গুলিকে|কোষগুলির|কোশ গুলিকে|কশগুলিকে	oov,split,inflected
কোষগুলিকে	5	false	typist	kosogulike	কস গুলিকে	DICTIONARY	কস গুলিকে|কোষগুলির|কসগুলিকে	oov,split,inflected
ক্যারামেলাইজড	5	false	canonical	kyaramelaijod	ক্যারামেলাইজদ	CLEAN_TRANSLITERATION	ক্যারামেলাইজদ|ক্যারামেল	oov,dental_retroflex,long_compound
ক্যাসেরোল	5	false	canonical	kyaserol	ক্যাসেল	DICTIONARY	ক্যাসেল|ক্যাসেট|ক্যাসেলের|ক্যাসেটের|ক্যাশে|ক্যাসলের	oov
গণভুক্ত	5	false	canonical	gonobhukt	গণ ভুক্ত	DICTIONARY	গণ ভুক্ত|গণভোট|গণভোটের|গণভোটে|গন ভুক্ত|গনভুক্ত	oov,split
গণভুক্ত	5	false	typist	gonovukt	গনভুক্ত	CLEAN_TRANSLITERATION	গনভুক্ত|গণতান্ত্রিক|গণনা|গণতন্ত্র	oov,na_nna
গোমগুশ	5	false	canonical	gomogush	গমগুশ	CLEAN_TRANSLITERATION	গমগুশ|গমগম|গমগুলো|গমগুলান|গমগুলোর	oov
গোমগুশ	5	false	typist	gomogus	গমগুস	CLEAN_TRANSLITERATION	গমগুস|গোমতী|গমগম|গোমকিা|গমগুলো|গমগুলান	oov
গোম্বে	5	false	canonical	gombe	গমবে	DICTIONARY	গমবে|গম্বুজ|গম্ভীর|গম্ভীরা|গর্বে|গমবীজ	oov,conjunct_shape,inflected
গ্রেভি	5	false	typist	grevi	গ্রেভ	DICTIONARY	গ্রেভ|গ্রেইন|গ্রেইল|গ্রেকে|গ্রেভিওর|গ্রেভির	oov
গ্লিয়াডিন	5	false	canonical	gliyadin	গ্লিয়াদিন	CLEAN_TRANSLITERATION	গ্লিয়াদিন|গ্লিসারিন	oov,dental_retroflex
গড়গড়ে	5	false	canonical	gorogore	গরগরে	DICTIONARY	গরগরে|গরগর|গড়গড়|গড়গড়িয়া	oov,inflected
ঘণ্টে	5	false	canonical	ghonte	ঘোঁটে	DICTIONARY	ঘোঁটে|ঘণ্টা|ঘন্টা|ঘণ্টার|ঘণ্টি|ঘোঁটা	oov,conjunct_shape,inflected
ঘণ্টের	5	false	canonical	ghonter	ঘন্টের	DICTIONARY	ঘন্টের|ঘণ্টা|ঘন্টা|ঘণ্টার	oov,na_nna,inflected
চিজবার্গারের	5	false	canonical	chijobargarer	চিজ বার্গারের	DICTIONARY	চিজ বার্গারের|চিজ|চিজি|চীজ|চীজ বার্গারের	oov,split,long_compound,inflected
জেলটিন	5	false	canonical	jelotin	জেলতিন	CLEAN_TRANSLITERATION	জেলতিন|জেলখানা|জেলখানায়|জেলখানার|জেলটি|জেলজীবন	oov,dental_retroflex
টেপিওকা	5	false	canonical	tepioka	তেপিওকা	CLEAN_TRANSLITERATION	তেপিওকা|টেপরেকর্ডার|টেপিরবাড়ি|টেপবার|টেপমার্ক|টেপমোড়ানো	oov,dental_retroflex
ডংচিমি	5	false	canonical	dongchimi	দংচিমি	CLEAN_TRANSLITERATION	দংচিমি|ডং|দংশন|দঙ্গল	oov,dental_retroflex
ডেয়ারী	5	false	canonical	deyarii	ডেয়ারি	DICTIONARY	ডেয়ারি|দেয়ার|ডেয়ারডেভিলস|দেয়াড়া|ডেয়ারি	oov,vowel_length
ডেয়ারী	5	false	typist	deyari	ডেয়ারি	DICTIONARY	ডেয়ারি|দেয়ার|ডেয়ারডেভিলস|দেয়াড়া|ডেয়ারি	oov,vowel_length
তালমিছরিতে	5	false	typist	talomichorite	তালমিচরিতে	CLEAN_TRANSLITERATION	তালমিচরিতে|তালমা|টালমাটাল	oov,inflected
থোর্নলেস	5	false	canonical	thornoles	থর্ন লেস	DICTIONARY	থর্ন লেস|থর্ন|থর্নটন	oov,split
দ্রবণটি	5	false	canonical	drobonoti	দ্রবণীয়	DICTIONARY	দ্রবণীয়|দ্রবণের|দ্রবণীয়|দ্রবণীয়আঁশ|দ্রবণীয়আঁশ|দ্রব্যগুণহীন	oov,inflected
নর্স	5	false	canonical	nors	নড়ছ	DICTIONARY	নড়ছ|নড়ছে|নড়ছি|নড়ছিল|নরে|নর	oov,conjunct_shape
পর্তুগীজদের	5	false	typist	portugijoder	পর্তুগিজদের	DICTIONARY	পর্তুগিজদের	oov,vowel_length,inflected
পলিমারাইজেশন	5	false	typist	polimaraijeson	পলিমারাইজেসন	CLEAN_TRANSLITERATION	পলিমারাইজেসন|পলিমার|পলিমারের	oov,sibilant,long_compound
পেষা	5	true	canonical	pesha	পেশা	DICTIONARY	পেশা|পেশায়|পেশাদার|পেশার|পেশাদারী|পেশাব	sibilant
পেষা	5	true	typist	pesa	পেশা	DICTIONARY	পেশা|পেসার|পেশাদার|পেশায়|পেশার|পেশাব	sibilant
প্যারাগুয়া	5	false	canonical	pyaraguya	প্যারাগুয়ে	DICTIONARY	প্যারাগুয়ে|প্যারাগুয়ের|প্যারাগুয়েতে|প্যারাগুয়েকে|প্যারাগুয়ে|প্যারাগুইয়ান	oov
প্রোবায়োটিক	5	false	canonical	probayotik	প্রবাদপ্রতিম	DICTIONARY	প্রবাদপ্রতিম|প্রবাসী|প্রবাহিত|প্রবাহ|প্রবাদটিকে	oov,conjunct_shape
ফন্ডেন্ট	5	false	canonical	phondent	ফন্দেন্ত	CLEAN_TRANSLITERATION	ফন্দেন্ত|ফন্দি|ফন্ডা|ফন্দিবাজ	oov
ফন্ডেন্ট	5	false	typist	fondent	ফন্দেন্ত	CLEAN_TRANSLITERATION	ফন্দেন্ত|ফন্দি|ফন্ডা|ফন্দিবাজ	oov
ফারমেন্টেশন	5	false	canonical	pharomenteshon	ফারমেনটেশন	DICTIONARY	ফারমেনটেশন|ফারমিগা	oov,conjunct_shape
ফারমেন্টেশন	5	false	typist	faromenteson	ফারমেনটেশন	DICTIONARY	ফারমেনটেশন|ফারমিগা	oov,conjunct_shape
ফিনোলিক	5	false	canonical	phinolik	ফিনলিক	CLEAN_TRANSLITERATION	ফিনলিক|ফিনল্যান্ড|ফিনল্যান্ডের|ফিনল্যান্ডে|ফিনকের|ফিনচেম	oov
ফিনোলিক	5	false	typist	finolik	ফিনলিক	CLEAN_TRANSLITERATION	ফিনলিক|ফিনল্যান্ড	oov
ফ্ল্যাক্সসিড	5	false	canonical	flyaksosid	ফ্ল্যাক্স সিড	DICTIONARY	ফ্ল্যাক্স সিড|ফ্ল্যাক্স|ফ্ল্যাক্স সীড	oov,split,long_compound
ব্যান্ডেল	5	false	canonical	byandel	ব্যান্ডে	DICTIONARY	ব্যান্ডে|ব্যান্ডের|ব্যান্ডেজ|ব্যান্ডেজটা	oov
ভিট্রো	5	false	canonical	bhitro	ভীত্র	DICTIONARY	ভীত্র|ভিতর|ভিট্রিয়াস	oov
ভেন্নার	5	false	canonical	bhennar	ভেঞ্চার	DICTIONARY	ভেঞ্চার|ভেন্যু|ভেন্যুতে|ভেন্যুর|ভেঞ্চারসের|ভেঙার	oov
ভোজনকে	5	false	canonical	bhojonoke	ভজনাকে	DICTIONARY	ভজনাকে|ভোজনশালা|ভজনপুর|ভোজনরসিক	oov,inflected
ভোজনকে	5	false	typist	vojonoke	ভজনকে	CLEAN_TRANSLITERATION	ভজনকে|আয়োজনকে|স্বজনকে|ওজনকে	oov,inflected
ভ্রূণীয়	5	false	canonical	bhruuniiy	ভের উনিই	DICTIONARY	ভের উনিই|ভ্রূণ|ভ্রূণের|ভ্রূণে|ভ্রূনীয়	oov,split,conjunct_shape
ভ্রূণীয়	5	false	typist	vruniy	ভ্রুনিয়	CLEAN_TRANSLITERATION	ভ্রুনিয়	oov
মল্টেড	5	false	canonical	molted	মলটেড	ENGLISH_LEXICON	মলটেড|malted|melted|molted|মল্টিন|মল্তেদ	oov,conjunct_shape
মিষ্টান্নটি	5	false	canonical	mishtannoti	মিষ্টান্নজাতীয়	DICTIONARY	মিষ্টান্নজাতীয়|মিষ্টার|মিষ্টতা|মিষ্টান্নজাতীয়|মিষ্টান্নসমেত|মিষ্টান্নপ্রিয়	oov,inflected
মিষ্টান্নটি	5	false	typist	mistannoti	মিষ্টান্ন অতি	DICTIONARY	মিষ্টান্ন অতি|মিষ্টান্ন	oov,split,inflected
মৌরি	5	true	canonical	mouri	মরি	DICTIONARY	মরি|ময়ূরী|ময়ুরী|মৌরিতানিয়া|মৌরিতানিয়ার|মৌরিতানিয়ায়	ranking_other
ম্যাপেল	5	false	canonical	myapel	ম্যাপে	DICTIONARY	ম্যাপে|ম্যাপল|ম্যাপের|ম্যাপস|ম্যাপটা|ম্যাপসে	oov
যাটুনিং	5	false	canonical	zatuning	জাতুনিং	CLEAN_TRANSLITERATION	জাতুনিং|ঝাটুরদিয়া	oov
যাটুনিং	5	false	typist	jatuning	জাতুনিং	CLEAN_TRANSLITERATION	জাতুনিং|জাতগুলি|ঝাটুরদিয়া	oov
যোনিকে	5	false	canonical	zonike	জনিকে	DICTIONARY	জনিকে	oov,inflected
যোনিকে	5	false	typist	jonike	জনিকে	DICTIONARY	জনিকে	oov,inflected
রেসিপিটি	5	false	canonical	resipiti	রেসিপি	DICTIONARY	রেসিপি|রেসিপিতে|রেসিপিটা|রেসিপিতি	oov,inflected
রেস্তোরায়	5	false	canonical	restoray	রেস্তোরাঁয়	DICTIONARY	রেস্তোরাঁয়|রেস্তরাঁয়|রেস্তোঁরায়|রেস্তোরাঁয়|রেস্তরাঁয়|রেস্তোঁরায়	oov
রোমকপি	5	false	canonical	romokopi	রমকপি	CLEAN_TRANSLITERATION	রমকপি|রোমক|রোমকে|রমকে	oov
লিঙ্গমূর্তি	5	false	canonical	lingoomuurti	লিঙ্গবৃত্তি	DICTIONARY	লিঙ্গবৃত্তি|লিঙ্গপুরাণ|লিঙ্গভেদ|লিঙ্গভেদে|লিঙ্গভিত্তিক	oov
লিঙ্গমূর্তি	5	false	typist	lingoomurti	লিঙ্গবৃত্তি	DICTIONARY	লিঙ্গবৃত্তি|লিঙ্গপুরাণ|লিঙ্গভেদ|লিঙ্গভেদে|লিঙ্গভিত্তিক	oov
শাহ	5	true	typist	sah	সাহ	DICTIONARY	সাহ|সাহিত্য|সাহস|সাহিত্যিক|সাহেব|সাহিত্যের	sibilant
শিং	5	true	typist	sing	সিং	DICTIONARY	সিং|সিয়ং|সিংহ|সিংহাসন|সিঙ্গাপুর|sing	sibilant
শেলফিশ	5	false	canonical	shelophish	সেলফিশ	DICTIONARY	সেলফিশ|শেলফ|শেলফে|শেলফের	oov,sibilant
শেলফিশ	5	false	typist	selofis	সেলফিশ	DICTIONARY	সেলফিশ|সেলফি|সেলফির	oov,sibilant
শো	5	true	typist	so	সো	DICTIONARY	সো|সঃ|শোঁ|সোঁ|স্বঃ|সোঁদা	sibilant
শোলকা	5	false	canonical	sholoka	ছলকা	DICTIONARY	ছলকা|শোলক|ষোলকলা|শলাকা|ষোলোকলা|চলকা	oov
শোলকা	5	false	typist	soloka	ছলকা	DICTIONARY	ছলকা|সলোমন|সলক|শোলক|ষোলোকলা|চলকা	oov
সংযোজনদ্রব্য	5	false	canonical	songzojonodroby	সংযোজন দ্রব্য	DICTIONARY	সংযোজন দ্রব্য|সংযোজনকারী	oov,split,long_compound
সংযোজনদ্রব্য	5	false	typist	songjojonodroby	সংযোজন দ্রব্য	DICTIONARY	সংযোজন দ্রব্য|সংযোজনকারী	oov,split,long_compound
সুইডিশ	5	true	typist	suidis	সুইডিস	DICTIONARY	সুইডিস|সুইডিশরা	sibilant
সুগন্ধিযুক্ত	5	false	canonical	sugondhizukt	সুগন্ধীযুক্ত	DICTIONARY	সুগন্ধীযুক্ত|সুগন্ধি|সুগন্ধী|সুগন্ধির	oov,vowel_length,long_compound
সুগন্ধিযুক্ত	5	false	typist	sugondhijukt	সুগন্ধীযুক্ত	DICTIONARY	সুগন্ধীযুক্ত|সুগন্ধি|সুগন্ধী|সুগন্ধির	oov,vowel_length,long_compound
সোলানিনের	5	false	canonical	solaniner	সোলান ইনের	DICTIONARY	সোলান ইনের|সোলাঙ্কি|সোলান|সলানিনের	oov,split,inflected
স্তরযুক্ত	5	false	canonical	storozukt	স্তর যুক্ত	DICTIONARY	স্তর যুক্ত|স্টোরজেট	oov,split
স্তরযুক্ত	5	false	typist	storojukt	স্তর যুক্ত	DICTIONARY	স্তর যুক্ত|স্টোরজেট	oov,split
হজমযোগ্য	5	false	canonical	hojomozogy	হজম যোগ্য	DICTIONARY	হজম যোগ্য|হজমশক্তি|হযম যোগ্য	oov,split
হজমযোগ্য	5	false	typist	hojomojogy	হজম যোগ্য	DICTIONARY	হজম যোগ্য|হজমশক্তি	oov,split
অরেগানা	4	false	canonical	oregana	ওরেগানা	CLEAN_TRANSLITERATION	ওরেগানা|ওরেগন|অরেগন|অরেলানা	oov,vowel_initial
অসমে	4	false	canonical	osome	অসময়ে	DICTIONARY	অসময়ে|অসমের|অশ্বমেধ|অসময়|ওসবে|অসময়ের	oov,inflected,vowel_initial
অ্যাডিটিভ	4	false	canonical	oyaditibh	ওয়াদিতিভ	CLEAN_TRANSLITERATION	ওয়াদিতিভ|ওয়াদি|অ্যাডিডাস|অ্যাডিডাসের	oov,conjunct_shape,vowel_initial
অ্যাডিটিভ	4	false	typist	oyaditiv	ওয়াদিতিভ	CLEAN_TRANSLITERATION	ওয়াদিতিভ|ওয়াদি|অ্যাডিডাস|অ্যাডিডাসের	oov,conjunct_shape,vowel_initial
অ্যান্টিকেকিং	4	false	canonical	oyantikeking	ওয়ান্তিকেকিং	CLEAN_TRANSLITERATION	ওয়ান্তিকেকিং|অ্যান্টি|অ্যান্টিবায়োটিক|অ্যান্টিবডি	oov,conjunct_shape,long_compound,vowel_initial
অ্যান্টিমাইক্রোবিয়াল	4	false	canonical	oyantimaikrobiyal	ওয়ান্তিমাইক্রবিয়াল	CLEAN_TRANSLITERATION	ওয়ান্তিমাইক্রবিয়াল|অ্যান্টিমনি	oov,conjunct_shape,long_compound,vowel_initial
অ্যামফ্লোরা	4	false	canonical	oyamoflora	অ্যাম ফ্লোরা	DICTIONARY	অ্যাম ফ্লোরা|অ্যামফিটামিন|ওয়ামফ্লরা	oov,split,inflected,vowel_initial
অ্যামাইলোজ	4	false	canonical	oyamailoj	ওয়ামাইলজ	CLEAN_TRANSLITERATION	ওয়ামাইলজ|অ্যামাইনো|অ্যামাইন	oov,conjunct_shape,vowel_initial
অ্যামাইলোপেকটিন	4	false	canonical	oyamailopekotin	ওয়ামাইলপেকতিন	CLEAN_TRANSLITERATION	ওয়ামাইলপেকতিন|অ্যামাইনো|অ্যামাইন	oov,conjunct_shape,long_compound,vowel_initial
আইপিবিইএস	4	false	canonical	aipibiies	আইপিভিএস	DICTIONARY	আইপিভিএস|আইপি|আইপিএস|আইপিএ	oov,vowel_initial
আইপিবিইএস	4	false	typist	aipibies	আইপিএস	DICTIONARY	আইপিএস|আইপিভিএস|আইপিএসএ|আইপিএসএর|আইপিএলসির	oov,vowel_initial
আচারটি	4	false	canonical	acharoti	চারটি	DICTIONARY	চারটি|আচারটা|আচারবতী|আচারতি	oov,inflected,vowel_initial
আমিষভোজীদের	4	false	canonical	amishobhojiider	আমিশভজীদের	CLEAN_TRANSLITERATION	আমিশভজীদের|আমিষ|আমিষের|আমিশাপাড়া	oov,inflected,vowel_initial
আমিষভোজীদের	4	false	typist	amisovojider	আমিসভজিদের	CLEAN_TRANSLITERATION	আমিসভজিদের|আমিসহ	oov,inflected,vowel_initial
আম্বা	4	true	canonical	amba	অম্বা	DICTIONARY	অম্বা|আম্বার|আমরা|আমায়|আম্বালা|আম্বাজি	vowel_initial
আযহার	4	false	canonical	azohar	আজহার	DICTIONARY	আজহার|আজহারুল|আজহারুলের|আজহারে|আজহারও|আজহাকে	oov,ya_ja,vowel_initial
আযহার	4	false	typist	ajohar	আজহার	DICTIONARY	আজহার|আজহারুল|আজহারুলের|আজহারে|আজহারউদ্দিন|আজহারও	oov,ya_ja,vowel_initial
আর্থারাইটিস	4	false	canonical	artharaitis	আর্থ্রাইটিস	DICTIONARY	আর্থ্রাইটিস|আর্থার|আর্থারের|আর্থারকে|আর্থরাইটিসের	oov,conjunct_shape,vowel_initial
আসাদো	4	false	canonical	asado	আসাদ	DICTIONARY	আসাদ|আস্বাদ|আস্বাদন|আসাকে|আসাদকে|আসাদউদ্দিন	oov,final_okar_dropped,vowel_initial
ইউটিয়াও	4	false	canonical	iutiyao	ইউতিয়াও	CLEAN_TRANSLITERATION	ইউতিয়াও|ইউটিউব|ইউটিসি|ইউটিউবে	oov,dental_retroflex,inflected,vowel_initial
ইত্তিলাআত	4	false	canonical	ittilaat	ইত্তিলা	DICTIONARY	ইত্তিলা	oov,vowel_initial
ইনকর্পোরেটেড	4	false	canonical	inokorporeted	ইনকর্পোরেশনের	DICTIONARY	ইনকর্পোরেশনের|ইনকরপোরেটেড|ইনকোয়ারি|ইনকরপোরেটে|ইনকরপোরেটকে|ইনকরপোরেটের	oov,long_compound,vowel_initial
ইসিএম	4	false	canonical	isiem	সিএম	DICTIONARY	সিএম|ইসিএ|ইসিএস|ইজিএম|ইসিএআই	oov,vowel_initial
ইয়োরুবা	4	false	canonical	iyoruba	ইয়রুবা	CLEAN_TRANSLITERATION	ইয়রুবা|ইয়র্ক|ইয়র্কের|ইয়র্কে	oov,vowel_initial
উইল্ট	4	false	canonical	uilt	উইল	DICTIONARY	উইল|উইং|উই|উইংও|উইংগস|উইংগার	oov,conjunct_shape,vowel_initial
উকোয়া	4	false	canonical	ukoya	কয়া	DICTIONARY	কয়া|কয়া|উকরা|উকয়া	oov,vowel_initial
উদ্ভিজ্জ্জ	4	false	canonical	udbhijjj	উদ্ভিজ্জ	DICTIONARY	উদ্ভিজ্জ|উদ্ভিদ|উদ্ভিদবিদ্যা|উদ্ভিদের|উদ্ভিজ্জাণু|উদ্ভিজ্জাশী	oov,conjunct_shape,vowel_initial
উদ্ভিজ্জ্জ	4	false	typist	udvijjj	উদ্ভিজ্জ	DICTIONARY	উদ্ভিজ্জ	oov,conjunct_shape,vowel_initial
উৎযাপন	4	false	typist	utojapon	উতজাপন	CLEAN_TRANSLITERATION	উতজাপন|উদযাপন	oov,khanda_ta,vowel_initial
একঠোঁটা	4	false	canonical	ekothota	কথাটা	DICTIONARY	কথাটা|একথা|একথাই|একথাও|একঠোঁট্টা|একথতা	oov,chandrabindu_dropped,inflected,vowel_initial
এটচ	4	false	canonical	etoch	এতচ	CLEAN_TRANSLITERATION	এতচ|এতক্ষণ|এতকিছু|এতকিছুর|এটাইও	oov,dental_retroflex,vowel_initial
এরগোট	4	false	canonical	erogot	এরগত	CLEAN_TRANSLITERATION	এরগত|প্রগত	oov,vowel_initial
এ্যামিনো	4	false	canonical	eyamino	এয়ামিন	CLEAN_TRANSLITERATION	এয়ামিন|অ্যামিনো	oov,conjunct_shape,vowel_initial
ওফে	4	false	canonical	ophe	অফে	DICTIONARY	অফে|অফের|অফিসার|অফ|অফেন্স|অফকম	oov,vowel_initial
ওফে	4	false	typist	ofe	অফে	DICTIONARY	অফে|অফের|অফেন্স|ওকে|ওরে|ওতে	oov,vowel_initial
ওভাল্টিন	4	false	canonical	obhaltin	ওভালটিন	DICTIONARY	ওভালটিন|ওভাল|ওভালে	oov,conjunct_shape,vowel_initial
ওভাল্টিন	4	false	typist	ovaltin	ওভাল্তিন	CLEAN_TRANSLITERATION	ওভাল্তিন	oov,dental_retroflex,vowel_initial
ওভো	4	false	canonical	obho	অভ	DICTIONARY	অভ|অভদ্র|অভয়|অভদ্রতা|অভয়া|অভয়ারণ্য	oov,vowel_initial
ওভো	4	false	typist	ovo	অভ	RULE	অভ|অও|ওও|অটো|অভক্ষ্য|ওঁ	oov,vowel_initial
ওশেনিক	4	false	typist	osenik	ওসেনিক	CLEAN_TRANSLITERATION	ওসেনিক|ওশেনিয়া|ওশেনিয়ার	oov,sibilant,vowel_initial
ওয়েলশ	4	true	typist	oyelos	ওয়েলস	DICTIONARY	ওয়েলস|ওয়েলসের|ওয়েলসে|ওয়েলসকে|ওয়েলকাম|ওয়েলস	sibilant,vowel_initial
ককেশাস	4	true	typist	kokesas	ককেসাস	DICTIONARY	ককেসাস|ককেশাসের|ককেশাসে|কোঁকাতে|কোঁকড়া|ককেসাসের	sibilant
কপিজাতীয়	4	false	typist	kopijatiy	কপি জাতীয়	DICTIONARY	কপি জাতীয়|কপি|কপিরাইট|কপিল|কপি যাতীয়|কপিজাতিয়	oov,split
কাইটোসানের	4	false	canonical	kaitosaner	কাইত সানের	DICTIONARY	কাইত সানের|কাইতলা|কাইটটা|কাইট সানের|কাইতসানের	oov,split,inflected
কেসিনেট	4	false	canonical	kesinet	কেসিনেত	CLEAN_TRANSLITERATION	কেসিনেত|কেবিনেট|কেসিং	oov,dental_retroflex
কোরুট	4	false	canonical	korut	কোর্ট	DICTIONARY	কোর্ট|করুন|করুক|করুণ|করুত	oov,conjunct_shape
