প্রজাতিরা	60
ভ্যারাইটিদের	60
আকারদের	60
দেহগঠনের	56
এককদের	56
উদ্ভিদদের	54
পায়রাদের	53
ভ্যারাইটিরা	52
গণগুলির	52
পতঙ্গদের	51
পরিবৃত্তির	51
দেহগঠন	49
বৈশিষ্ট্যগুলি	49
অঙ্গগুলি	48
এককীয়	48
বৈশিষ্ট্যগুলির	47
ধাপগুলি	46
ধাপগুলির	46
আকারগুলি	46
এরূপে	45
সুচিহ্নিত	45
উদ্ভিদরা	45
ক্রমবিন্যাসগত	45
স্পষ্টচিহ্নিত	45
আকাররা	45
মিভার্ট	45
পার্থক্যগুলি	45
গণগুলি	45
একইরূপ	45
সঙ্করণ	44
জাতগুলির	44
সংক্রমণগত	44
আকারগুলির	44
সঙ্করিত	44
গণীয়	44
পরিবর্তনগুলি	44
প্রজাতিক	44
এককরা	44
গৃহপালনাধীন	44
লিঙ্গে	44
পরিবর্তনশীলতার	43
সঙ্করণের	43
আনুবংশিক	43
বংশধরে	43
পতঙ্গরা	43
রূপান্তরগুলি	43
প্রত্যঙ্গগুলি	43
দেহগঠনে	43
উৎপাদনগুলির	43
জিওফ্রয়	43
পার্থক্যসমূহ	43
খোলকী	43
পরিবৃত্তিগুলি	43
বীজগুলি	43
প্রত্যঙ্গগুলির	43
টাকরার	43
গৃহপালনাধীনে	42
প্রকৃতিবিজ্ঞানীরা	42
এইরূপে	42
বংশানুসৃতির	42
জাতগুলি	42
ঘটনাগুলি	42
অপসারী	42
সমসংস্থ	42
মিভার্টের	42
গিরাবাজ	42
অঙ্গপ্রত্যঙ্গগুলি	42
পরিবর্তনগুলির	42
মন্থরভাবে	42
দ্বীপগুলিতে	42
উভলিঙ্গী	42
রেখাচিত্রটিতে	42
উত্তরণগত	42
হিলারে	42
আন্তঃসঙ্করণ	42
ভ্যারাইটিকে	42
প্রকৃতিবিদরা	42
গণটির	42
ল্যামেলাগুলি	42
১৮৫৯	42
অচেতনভাবে	42
প্রত্যঙ্গদের	42
ডানাগুলি	42
পরিবৃত্তিগুলির	42
অল্পতম	42
ওলাস্টন	42
কোয়ার্কাস	42
গণগুলিতে	42
অপসৃতি	42
পরিবৃত্তিদের	42
পরাগরেণুর	42
ফুলগুলিতে	42
সংকরিত	42
সিরিপেডদের	42
পরিবেশানুগ	42
সোভেলার	42
প্রগতিমূলক	41
জৈবসংগঠন	41
প্রকৃতিবিদের	41
জীবরা	41
প্রজননকারীরা	41
নিশ্চিতরূপে	41
পাউটার	41
মহিষাদি	41
পরিবৃত্তিসমূহ	41
দেহকাঠামোর	41
অসমানভাবে	41
রূপান্তরসমূহ	41
ফুলগুলির	41
প্রকৃতিমণ্ডলে	41
বিরলতর	41
স্বভাবসমূহের	41
বিটলদের	41
স্কন্ধে	41
কোষগুলির	41
এ্যাভিকুলারিয়া	41
জাতসমূহের	41
বিষয়গুলির	41
দ্বীপগুলির	41
প্রজাতিগুলি	41
আন্তঃসঙ্করণের	41
বংশানুসৃতি	41
বিকৃতাঙ্গ	41
নিয়মগুলির	41
দেহকাঠামো	41
পায়রারা	41
নিখুঁততার	41
মাংসপেশীর	41
তথ্যগুলি	41
এককগুলির	41
দ্বিরূপক	41
সংযোজকদের	41
সংযোজকগুলি	41
ম্যাডেইরা	41
উদ্ভিদভূক	41
বিষয়গুলি	41
ক্যাণ্ডোলে	41
সদৃশতার	41
অনিবার্যরূপে	41
ভালর	41
রূপান্তরগুলির	41
শেষত	41
রেখাদের	41
জৈবসংগঠনের	41
পরিবেশানুগকরণ	41
চোখগুলি	41
সহসম্পর্কের	41
অঙ্গগুলিকে	41
অবর্ধক	41
তত্ত্বানুযায়ী	41
প্লেটগুলির	41
পেডিসেলারিয়া	41
এঙ্গেলস	41
উৎপত্তির	41
১৪	41
১৮৫৮	41
ক্রমবিন্যাসের	41
অংশগুলি	41
ইসিডোর	41
যুক্তিগুলি	41
পুনরাবির্ভূত	41
বন্যাবস্থায়	41
কুকুররা	41
অল্পতর	41
কারণগুলির	41
ভেড়াদের	41
পার্থক্যগুলির	41
এককগুলি	41
উদ্ভিদগুলি	41
শুড়	41
পরিবৃত্তিসমূহের	41
গণকে	41
অঞ্চলগুলিতে	41
জীবনাকারগুলি	41
স্বভাবসমূহ	41
উদ্বর্তনের	41
আকারটির	41
পতঙ্গটির	41
দলমণ্ডলের	41
সংকরণ	41
পূর্বানুবৃত্তির	41
ক্যান্ডেলে	41
বিন্দুখচিত	41
রেখাগুলি	41
পূর্বানুবৃত্তি	41
ক্রমবিকশিত	41
আপত্তিগুলি	41
চোখটির	41
পরাগরেণুগুলি	41
অঙ্গসংস্থানীয়	41
ক্ষুরওয়ালা	41
বাদুড়দের	41
ল্যামেলা	41
গ্রন্থিগুলি	41
১৮৩১	41
দৃষ্টিআকর্ষণ	41
আকারগুলিতে	41
দ্বীপগুলি	41
১০	41
শ্রেণীবিভাগের	41
দেহগঠনকে	41
ব্লাডহাউণ্ড	41
একইরূপে	41
বর্ণসঙ্কররা	41
লিভিয়া	41
প্রজননকারী	41
মহিষাদির	41
বিড়ালদের	41
০২	41
শুড়ের	41
বিকৃতাঙ্গগুলি	41
এককগুলিতে	41
লুবক	41
ব্র্যাকিওপড়	41
শামুকদের	41
বহরূপক	41
কোনগুলিকে	41
পতঙ্গবিজ্ঞানী	41
পক্ষীবিজ্ঞানী	41
ম্যাডেইরার	41
ইচ্ছামতভাবে	41
সারণীগুলি	41
সুফলগুলি	41
কনফার্ভা	41
গণেদের	41
সুসংজ্ঞায়িত	41
৬৩টি	41
প্রবণতাযুক্ত	41
অভিসৃতি	41
স্থিরনিশ্চিত	41
অন্তরণের	41
দেশজদের	41
ফলগুলি	41
ঠোঁটওয়ালা	41
বিটলরা	41
উদ্ভিদগুলিতে	41
ক্লোভারের	41
উভলিঙ্গীদের	41
অংসখ্য	41
অবস্থাসমূহের	41
মহাসামুদ্রিক	41
টার্শিয়ারী	41
প্রকৃতিমণ্ডলের	41
বিরাটতর	41
অপসৃতির	41
রেখাচিত্রটি	41
অক্ষরগুলি	41
পরিবর্তনগুলিকে	41
রেখাচিত্রের	41
দেহগঠনসমূহের	41
চোখগুলির	41
অঙ্গসমূহে	41
তত্ত্বানুসারে	41
স্বভাবগুলি	41
দেহগঠনটি	41
ঘটনাগুলিতে	41
ওভিজেরাস	41
ফ্রেনা	41
পরাগরেণুপুঞ্জের	41
বিপরীতদিকে	41
ট্রাইড্যাক্টিল	41
সাঁড়াশিগুলি	41
৯০	41
জুঅয়েড	41
জুনোমিয়া	40
১৮০৯	40
লামার্কের	40
২২	40
১৮৩৬	40
২০	40
প্রশ্নগুলি	40
বস্তুগুলির	40
প্রকৃতিবিজ্ঞানীর	40
উপায়গুলি	40
১৭৯৫	40
ক্যানারী	40
১৮৫৩	40
মাধ্যমগুলি	40
হাঁসেরা	40
প্রাণীবিজ্ঞানী	40
ইসিডোরে	40
১৮৫২	40
অঙ্গপ্রত্যঙ্গগুলির	40
সঙ্গতভাবেই	40
সবথেকে	40
দাঁতগুলি	40
হিলারের	40
১৭৯৪	40
শাখাগুলির	40
এককগুলোর	40
উৎপাদনসমূহের	40
জীবনাবস্থা	40
অঙ্গবিকৃতি	40
কোয়েলরয়টার	40
গৃহপালন	40
শূকররা	40
লোমযুক্ত	40
পালকওয়ালা	40
ইজিপ্টের	40
কুঁজওয়ালা	40
ব্লিথ	40
রান্ট	40
অন্ননালীর	40
চোদ্দটি	40
পার্থক্যযুক্ত	40
পায়রাটি	40
অর্ধসভ্য	40
বৈশিষ্ট্যমূলক	40
প্লিনির	40
ন্যাসপাতি	40
পুঞ্জীভবনের	40
শুটি	40
জাতটিকে	40
নিকৃষ্টদের	40
বিদ্যাটি	40
বাগানবিদরা	40
পার্থক্যকেও	40
স্ট্রবেরী	40
ভ্যারাইটিগুলিকে	40
বীজগুলির	40
আকারটিকে	40
পার্থক্যগুলিকে	40
প্রত্যঙ্গগুলিকে	40
সংযোজকের	40
বিষয়গুলিকে	40
৩০০	40
অসুবিধাগুলি	40
বক্তব্যগুলি	40
সন্মুখীন	40
লেখাগুলিতে	40
গণগুলিকে	40
গোষ্ঠীগুলি	40
সাদৃশ্যগুলি	40
বৈশিষ্ট্যদের	40
ফলগুলির	40
উৎপাদনগুলি	40
পরিবৃত্তিগুলিকে	40
পাখিরসিক	40
জৈবসংগঠনে	40
নূতনভাবে	40
লিঙ্গগুলির	40
ক্লোভার	40
মধুমৌমাছিরা	40
মধুমৌমাছির	40
অঙ্গদের	40
গর্ভমুণ্ডের	40
পরাগের	40
আন্তঃসঙ্করিত	40
পরিবেশসমূহের	40
স্বাদুজলের	40
সুবিধাগুলি	40
সাক্ষ্যপ্রমাণাদি	40
পূর্বেরটির	40
ভ্যারাইটিটি	40
শাখাবিস্তার	40
বৃত্যাংশ	40
সহসম্পর্কিত	40
প্রজাতিগুলির	40
হ্রাসবৃদ্ধিমূলক	40
কারণগুলি	40
ডানাহীন	40
সদৃশতাকেও	40
পূর্বপুরুষরা	40
দেহগঠনসমূহ	40
সংসর্গী	40
অসম্ভবপর	40
প্রজাতিগুলিতে	40
চিহ্নগুলি	40
পূর্বানুবৃত্তিমূলক	40
স্কন্ধের	40
অংশগুলিতে	40
সঙ্করটির	40
হেমিওনাস	40
রূপান্তরসমূহের	40
প্রতিবন্ধসমূহ	40
উত্তরণমূলক	40
সম্প্রতিকাল	40
সংযুক্তকারী	40
ধাপসমূহ	40
সূচাগ্র	40
ঠোঁটটি	40
উচ্চভূমির	40
অঙ্গটির	40
ধাপসমূহের	40
আর্টিকুলাটা	40
কল্পনাসাধ্য	40
ডিমগুলি	40
গঠনকৌশল	40
সাপরা	40
তত্ত্বটিতে	40
ডিম্বকগুলি	40
গর্ভমুণ্ডটি	40
নিয়াটা	40
বাদুড়রা	40
সেটাসিয়ানদের	40
ইজিপ্সীয়	40
চঞ্চটি	40
চঞ্চটির	40
ল্যামেলায়	40
পাখনাগুলির	40
করোটিটি	40
মারসুপিয়াল	40
আগাসিজ	40
পেডিসেলারিয়ার	40
পলিজোয়ার	40
এ্যাভিকুলারিয়ার	40
বিচলনশীল	40
কার্যোপযোগী	40
দেহখণ্ডটির	40
ভাইব্রেকিউলা	40
ভাইব্রেকিউলার	40
পলিনিয়াম	40
কডিকলের	40
কুণ্ডলীকারক	40
ঝেনইউ	40
১৭	40
