রাখসান্দ	6
জীদা	5
তকীয়ুল্লাহ	1
আশরাফুদ্দীন	1
ক্ষিতীন্দ্র	5
মংছেন	6
মোদাব্বের	6
পঞ্চখণ্ডের	1
সরেকওম	1
সিংড়ানাটোর	1
মজুমদারগণ	1
আসাদ্দর	1
বরদাভূষণ	1
অজিতকুমার	1
এখলাসউদ্দিন	1
ওয়াসিলউদ্দিন	1
ওয়াসকরনি	1
মোহামিনুল	1
নিহাদুজ্জামান	1
মোসাব্বেক	1
অধিনায়কগণের	1
নাজমুদ্দীন	1
ইন্দুসুধা	1
ক্ষীরোদাসুন্দরী	1
চারুপ্রভা	1
প্রফুল্লবালা	1
ফুলবাহার	1
বগলাসুন্দরী	1
সত্যরাণী	1
আমীরা	1
চাইথোয়াই	1
আনওয়ারী	1
নদীয়াভী	1
আতীকুল্লাহ	1
ফকরী	1
চিত্রনিভা	1
রাসাসুন্দরী	1
অবন্তীকুমার	1
রতনতনু	1
খোশনূর	1
বিদ্যাবিনোদিনী	1
তিলোত্তমাসম্ভব	1
রিকিতা	1
কারামতিয়া	6
গংগাচড়া	40
দোলারবাজার	10
এ্যারোনটিকাল	2
ঢাকাদক্ষিণ	6
শরাইঘাট	2
টংগিবাড়ী	10
আমকোনা	5
উমানাথপুর	1
খেওড়া	10
ছিটমামুদপুর	1
জাহিদপুর	19
তারাবানিয়া	1
দরিয়াপুর	1
মতিজাপুর	7
রণহাট	26
অভয়পাড়া	17
আচলছিলা	1
আবুরকান্দি	1
তানিভাঙ্গা	1
পাইয়াপাথর	1
উমারেরবাড়ি	1
উজলহাটি	1
ভার্ভারি	1
ছত্রগাছা	1
ডাবিরাভিটা	6
বিষ্ণুদিয়া	5
যদুবয়রা	6
সোনাইকুন্ডি	1
আশুরহাট	5
কাঠালীঘাটা	7
গড়ফতু	6
গগনপুর	18
জেঠাগ্রাম	11
কলসিন্দুর	8
বিহাইডহর	10
আশারকোটা	7
বাগপ্রচণ্ড	6
যদুনাথপুর	1
আছলামপুর	1
আবুবকরপুর	1
চরশাহী	1
সিংগারডাবড়ীহাট	1
আমানতছফা	1
মহাজনহাট	1
লতিফগঞ্জ	1
আদিনা	1
জোড়াদহ	1
ভাটইবাজার	1
ব্রাহ্মণশাসন	1
পাহাড়কাঞ্চনপুর	1
খোশবাজার	1
ছালেহীয়া	1
রাণীশণকৈল	1
মুহাম্মদাবাদ	1
কারামাতিয়া	1
ধরান্দী	1
ওয়ায়েজীয়া	1
কাওছারিয়া	1
কমপেক্ট	1
চাঁদগাজী	6
বক্তারমুন্সী	1
ছয়পুকুরিয়া	1
আহসানাবাদ	1
মুহাম্মাদিয়া	1
অম্বিকাগঞ্জ	1
আমোদপুর	1
ইউসুফিয়া	1
রাধাকৃষ্ণপুর	1
গোপরেখী	1
তুলাগাঁও	1
নওগাঁও	1
রাশেদিয়া	1
সবজাননেসা	1
মুস্তাফাবিয়া	1
গুটিবাড়ী	1
ফাতেহিয়া	1
পবিত্রঝাড়	1
কছিমিয়া	1
পীরেরহাট	1
মৌভাষা	1
আবিরনগর	1
পিংগলিয়া	1
টাটিবুনিয়া	1
বাংগালপাড়া	1
আনন্দকিশোর	1
মোহনকিশোর	1
নমোদাস	1
মোহিনীশঙ্কর	1
সুখলতা	1
সারদারঞ্জন	1
হেমেন্দ্রনাথ	1
তুংনঙ্গা	1
রাংকূট	1
মুহিবউল্যাহ	1
কচাকাটা	1
ঢুষমারা	1
ভেতরবন্দ	1
মেকুরটারী	1
সিন্দুরমতি	1
রোকনদ্দৌলা	1
টগরাই	1
সিঙ্গের	1
বালাগাজীর	1
হোচ্ছাম	1
অখিলচন্দ্র	1
অতীন্দ্রমোহন	1
তারিণীপ্রসন্ন	1
নরেন্দ্রচন্দ্র	1
শৈলেন্দ্রচন্দ্র	1
গুনাইঘর	1
ডেসকাট	1
রভম্যান	1
খুশদিল	1
স্যামুয়েলস	1
চাপাইগাছি	1
সোনাইকুণ্ডি	1
কুশলীবাসা	6
শিবেন্দ্রমোহন	1
তৈদুছড়া	1
অংম্রাচিং	1
গম্ভীরানন্দ	1
দ্ব্যর্থতা	1
মসজিদকুঁড়	1
পিঠাভোগ	1
কাদিরবক্স	1
তালিবাবাদ	1
করাঙ্গী	1
কর্ণতলী	1
কাঁচামাটিয়া	5
খোয়াথল্যাংতুইপুই	1
পঞ্চবেণী	1
রায়ডাক	1
লঙ্গাই	1
হাড়িয়াভাঙা	1
হারাবতী	1
অমাবস্যাখালী	1
অর্পণগাছিয়া	1
আড়োশিবসা	1
আমনদামন	1
আরচি	1
ইচ্ছেখালী	1
গুরনাই	1
চাড়ালবোন	1
ভেলামতি	1
রামচণ্ডি	1
সোনারবন	1
সিরামাখালী	1
খালসিডিঙ্গি	1
পয়লাহারা	1
শৈলদাহ	5
কলীয়াভোমরা	1
ভৌগোদি	1
হাপরখালী	1
গলঘেসিয়া	1
লবঙ্গবতী	1
মাদারগাঙ	1
প্রফুল্লকুমার	1
শিবচন্দ্র	1
আমড়াগাছিয়া	2
কাজলদিঘী	2
লক্ষ্মীপ্রাসাদ	2
বড়ভাকৈর	2
তামফাট	1
নয়ামস্তি	1
মনোহরদিয়া	1
জয়ন্তীহাজরা	1
বেতবাড়ীয়া	1
হোগলবাড়ীয়া	1
চাঁদগ্রাম	1
হরিঢালী	1
কালিদাসপুর	1
জামজামী	1
আলুকদিয়া	1
গড়াইটুপি	12
মাখালডাঙ্গা	1
সাফদারপুর	1
কালীচরণপুর	1
কুমড়াবাড়ীয়া	1
মধুহাটী	1
মান্দারবাড়ীয়া	6
স্বরুপপুর	1
তাহেরহুদা	1
কলাবাড়ীয়া	1
পাঁচগ্রাম	1
ইলিয়াছাবাদ	1
রাড়ীপাড়া	1
শুভদিয়া	1
ষাটগুম্বজ	1
সোনাইলতলা	1
পঞ্চকরণ	1
আটজুড়ী	1
চুনখোলা	1
গৌরম্ভা	1
আঠারখাদা	1
কছুন্দী	1
রাঘবদাইড়	1
হাজরাপুর	1
মটমূড়া	1
সিদ্ধিপাশা	1
সাগরদাঁড়ী	1
ফুলসারা	1
সুখপুকুরিয়া	1
জহুরপুর	1
দরাজহাট	1
দোহাকুলা	1
চেঁচরী	1
পোনাবালিয়া	1
কুলকাঠী	1
কুশঙ্গল	1
ডালবুগঞ্জ	1
সানকিপুর	1
কালিশুরী	1
মজিদবাড়িয়া	1
মাধবখালী	1
কলারদোয়ানিয়া	1
শাখারীকাঠী	1
সেখমাটিয়া	1
সমুদয়কাঠী	1
সারেংকাঠী	1
সুটিয়াকাঠী	1
সোহাগদল	1
শরিকতলা	1
নদমূলা	1
ভিটাবাড়িয়া	1
টিকিকাটা	1
টুঙ্গিবাড়িয়া	1
গারুড়িয়া	1
ভরপাশা	1
সৈয়দকাঠী	1
মাধবপাশা	1
এককরিয়া	1
বিদ্যানন্দপুর	1
গুয়াবাড়িয়া	1
ধুলখোলা	1
বড়জালিয়া	1
এওয়াজপুর	1
নজরুলনগর	1
নোয়ারপাড়া	1
পলবান্ধা	1
বাঁশচড়া	1
আমখাওয়া	1
ডাংধরা	1
নিলাখিয়া	1
আদারভিটা	1
ঘোষেরপাড়া	1
স্বরমুশিয়া	1
পোগলা	1
বড়খাপন	1
বলাইশিমুল	1
রোয়াইলবাড়ী	1
গাঁওকান্দিয়া	1
বাকলজোরা	1
খলিশাউড়	1
গোহালাকান্দা	1
সাহতা	1
কাইটাইল	1
বড়কাশিয়া	1
সহিলদেও	1
বড়হিত	1
মগটুলা	1
ডৌহাখলা	1
মইলাকান্দা	1
সহনাটি	1
কানিহারী	1
গামারিতলা	1
পোড়াকান্দুলিয়া	1
নাওগাঁও	1
পুটিজানা	1
কাচিনা	1
বোররচর	1
ভাবখালী	1
কুমারগাতা	1
খেরুয়াজানী	1
দাওগাঁও	1
মানকোন	1
গাজিরভিটা	1
বানেশ্বর্দী	1
কাকরকান্দি	1
মরিচপুরান	1
রূপনারায়ণকুড়া	1
মোচারিয়া	1
গড়জরিপা	1
সিংগাবরুনা	1
নাউতারা	1
সরঞ্জানী	1
বাঙ্গালীপুর	1
চেংঠী	1
হাজরাডাঙ্গা	1
সুন্দরদিঘী	1
মল্লিকাদহ	1
বামনহাট	1
শালশিরী	1
বড়শশী	1
ময়দানদিঘী	1
লক্ষ্মীটারী	1
পাঁচগাছী	1
মিঠিপুর	1
সানিয়াজান	1
খুনিয়াগাছ	1
গড্ডিমারী	1
পাটিকাপাড়া	1
বড়খাতা	5
সিন্দুর্ণা	1
গোবরাতলা	1
অনুপনগর	1
গোহালবাড়ী	6
ঘোড়াপাখিয়া	1
পাঁচুপুর	1
আগ্রাদ্বিগুণ	1
হাঁসাইগাড়ী	1
নিরমইল	1
মাটিন্দর	1
বিলাশবাড়ী	1
চাঁন্দাশ	1
কালীগ্রাম	1
খট্টেশ্বর	1
ফাগুয়াড়দিয়াড়	1
বরমহাটী	1
পুংগলী	1
বনওয়ারীনগর	1
বৃলাহিড়ীবাড়ী	1
দিলপাশার	5
মন্ডতোষ	7
নাগডেমড়া	1
তাঁতিবন্দ	1
হাটখালী	1
নাড়ুয়ামালা	1
মহিষাবান	1
বুড়ইল	1
চোপিনগর	1
চালুয়াবাড়ী	1
হাটশেরপুর	1
নিমপাড়া	1
দেলুয়াবাড়ী	1
পানানগর	1
দর্শনপাড়া	1
হুজুরিপাড়া	1
বাকশিমইল	1
মৌগাছি	1
রায়দৌলতপুর	1
ধুকুরিয়াবেড়া	1
বড়ধুল	1
কাওয়াকোলা	1
বুরুঙ্গাবাজার	1
বড়চতুল	1
সাতবাঁক	1
ইছাকলস	1
ডৌবাড়ী	1
কসকনকপুর	1
বীরশ্রী	1
চারিকাটা	1
চিকনাগুল	1
সৈদেরগাঁও	1
চরমহল্লা	1
বোগলাবাজার	1
শিমুলবাক	1
কুরবাননগর	1
শিবপাশা	1
উবাহাটা	1
রাণীগাঁও	1
মুড়িয়াউক	1
মোড়াকরি	1
লুকড়া	1
অ্যান্থোসায়ানিন	40
ফাইটোকেমিস্ট্রি	1
পুনঃঅভিস্রবণ	1
একাইনোডার্মাটা	1
ওডোগোনিয়াম	1
জোফোবাস	1
নিডারিয়া	1
মায়োফাইব্রিল	1
মাৎস্যবিদ্যা	1
মৎস্যবিদ্যা	1
সুতাকৃমি	1
পরজীবীতা	1
ম্যাক্র্যাট্রিয়া	1
উদ্ভিদভূগোল	1
প্রাণিভূগোল	1
পক্ষিবিজ্ঞানের	1
মুখগোলক	1
ভিট্রো	5
গ্রান্দের	6
ব্লকচেইন	1
উদ্ভিদজাত	8
সময়রেখা	7
অ্যানাসাইরমা	1
মুক্তস্তন	1
অশ্মীভবন	1
উভক্ষতি	1
ক্রেসকোগ্রাফ	1
পানিপত্ররন্ধ্র	1
মার্সেসেন্স	1
ল্যাটিসিফার	1
ডাইরেক্টেড	1
ইটিয়োপ্লাস্ট	1
কোয়ান্টাসোম	1
লঙ্গিফোলিয়া	1
আকরকাঁটা	1
ক্লারকিয়া	1
কেঁটকেঁটিদম্ভ	1
গন্ধবেণা	1
জাবুটিকাবা	1
তরুক্ষীর	1
দুধকলমি	1
দুপুরমনি	1
নীলজবা	1
বড়নখা	1
বিলাইচাঁদা	1
বিগ্নোনিয়া	1
মুক্তাঝুরি	1
ম্যাঙ্গোস্টিন	1
শ্যামাকোলা	1
সিংহদন্ত	1
ডিম্বকমূল	1
মঞ্জরীপত্র	1
রেণুধর	1
হাস্টোরিয়াম	1
পৃষ্ঠমৃত্তিকা	1
বৃক্ষবিদ্যা	1
ডুরিয়ান	8
বাবুগোশা	9
রন্ধনসম্পর্কীয়	24
উদয়পদ্ম	1
লোসানেরি	1
নখবল্লরি	1
জহুরিচাঁপা	1
দাঁতরাঙ্গা	1
পুংস্তবক	1
ফুলশিল্প	1
মধুরস	1
স্বর্ণচামেলী	1
মোসচেউটোস	1
অন্তঃকঙ্কাল	1
অন্তঃভ্রূণাবরণীহীন	1
অপুংজনি	1
গেকোনিডি	1
ত্রিপদ	1
শ্রবণসীমা	1
অস্থিকরণ	1
উভচরবিদ্যা	1
উপগ্রহভিত্তিক	1
লালঠুঁটি	6
কোকসা	5
বালিচাটা	4
রকহুপার	3
কুতাকানতি	3
আচারা	2
অ্যামারান্থাস	6
টেঙ্গা	2
হলদেঠুঁটি	2
তেলচিটটা	2
ক্ষুরযুক্ত	2
এটচ	1
বোরেকি	1
খিচড়া	7
গোমগুশ	5
জোয়েলহো	1
টুইস্টিস	12
রাভিতোতো	1
রোমাজাভা	1
এনকুর্তিদো	6
তিরামিসু	7
স্ন্যাক	8
গ্লুটেইনিন	1
চিজবার্গার	11
পুষ্টিগুণহীন	1
তিসির	36
সিদ্রা	1
গোম্বে	5
চুঙ্গাপুড়া	1
ভারেনিকি	16
ফিগোলা	1
লাখামরি	1
কিসরা	6
চেঙ্গালিকোটলের	1
খোলাজালি	11
প্রিনজোলাটা	1
শিখধর্ম	1
অ্যালবাস	1
রোমকপি	5
হন্ধা	1
হলদেপানা	7
ইগবো	6
দ্রাক্ষাসুরা	7
রন্ধনশিল্প	1
গামবাঙ	1
গোয়ারামারি	1
অক্সালিস	7
অরেগানা	1
অ্যাকান্থোকাইটন	1
চোদ্দশাক	1
ঢোলপাতা	1
আলফালফা	1
শোলাকচু	1
কোসাম্বারি	1
গাম্বো	1
টোংকাটসু	1
স্যাফরন	1
ইঁচামুড়ো	1
ওয়াকফুরা	1
কালাভুনা	1
দোমাছা	1
মধুভাত	1
ক্ষীরতোয়া	1
ছানামুখী	1
রসমঞ্জুরী	1
চারমগজ	1
প্রজ্ঞাসুন্দরী	1
পাঁশকুড়ার	1
নুনগড়া	1
ধুছনির	1
হিমালয়ী	1
কাঠলিচু	1
প্রুনাস	1
আর্মেনিয়াকা	1
ঠেকেরা	1
কুকিতেঁতই	1
এলিওচারিস	1
বালবোক্যাস্টানাম	1
ওভেরি	1
হার্রা	1
কাটজেব	1
খান্ডুয়া	1
দুপাট্টা	1
চাট্টায়ুম	1
টাঙ্গালিয়া	1
ফিতাবিহীন	1
বেশভূষাশৈলী	1
নকশাকরণ	1
বোবু	1
লাঁজরি	1
নাইটগাউন	1
বেবিডল	1
আবানিকো	1
বক্ষবন্ধনীহীনতা	1
বেশান্তর	1
অঙ্গবস্ত্র	1
শালবস্ত্র	1
প্যান্টিহোজ	1
মেট্রোসেক্সুয়াল	1
মোহনীয়তা	1
এয়ারএশিয়া	1
সিঅরবিটার	1
ভূগাণিতিক	1
ভূগণিত	1
ওডোমিটার	1
স্পিডোমিটার	1
ছত্রাধার	1
ড্রেক্সেল	1
গোপুরম	1
সংখেড়া	1
নাচিয়ারকোইল	1
কফিমেকার	1
তুমদাঃ	1
টাঙ্গমুরি	1
চেঙ্গিলা	1
সুরশলাকা	1
ঘাতযন্ত্র	1
চাবিফলক	1
ঘণ্টাস্তবক	1
কিংগরি	1
ম্যান্ডোলিন	1
রাবণহাতা	1
শুষিরযন্ত্র	1
স্বরলিপিলিখন	1
লালছাতি	1
শিরেশিং	1
স্বর্গপক্ষী	1
রাজপেঙ্গুইন	1
করোনয়েডস	1
তাসমানিকাস	1
গেছোচড়ুই	1
এইমোফিলা	1
এমোডেনড্রি	1
পাইরোনোটাস	1
রুটিলানস	1
প্যারাডাইসাইয়া	1
গগণবেড়	1
ঝুঁটিয়াল	1
টিকেলের	1
ডামারা	1
ডেমোজিল	1
নিরলঠুঁটি	1
বাদামিচাঁদি	1
কাঠকুড়ালি	1
ঝাড়ফুটকি	1
ব্র্যাডফিল্ডের	1
ভেরীবাদক	1
মঁতেইরোর	1
ময়ূরতুল্য	1
কেটস্যাল	1
মিন্ডোরোর	1
সাদাচিবুক	1
অপিস্টোকোমিডি	1
হোয়াটজিন	1
অ্যানাটিডি	1
আর্কিওপ্টেরিক্স	1
আর্বোরোফাইলা	1
ইরিথ্রোপিট্টা	1
ক্রাইসোকক্কিজ	1
ক্ল্যামেটর	1
টাডোর্না	1
ডাইনোপিয়াম	1
নেট্টাপাস	1
ফ্রাঙ্কোলিনাস	1
মাইক্টেরিয়া	1
লেপ্টোপ্টাইলোস	1
লোফুরা	1
হাইড্রর্নিস	1
হাইপোথাইমিস	1
গ্যালোয়ানসেরাই	1
আর্জেন্টাভিস	1
টিয়ানোপ্রোন	1
অবসোলেটা	1
ডেলিকন	1
ফেডিনা	1
শুডোচেলিডন	1
সিরিনটারাই	1
মেলানোসেফালাস	1
লিউকোপ্টেরাস	1
সায়ানিয়াস	1
স্প্লেনডেনস	1
জলঘোড়া	1
জলদানব	1
অ্যাঞ্জেলফিশ	1
টেনুয়ালোসা	1
আর্টারিওসাস	1
অনন্ডলের	1
আঙুলঠোঁটি	1
চেনোচ	1
চ্যাপ্টামাথা	1
ডানচৌকা	1
সারবটি	1
তীক্ষ্ণলেজা	1
তীরকেশরী	1
দাড়িধারী	1
দাড়িহীন	1
কাটাবুখা	1
উর্তি	1
নাইলোটিকা	1
নাফতানি	1
পিরাপিটিংগা	1
বড়চোখা	1
ছেরবাতি	1
বালিটোরা	1
বেলিটোরা	1
ভোতানাক	1
মোরারী	1
লোহাছুরা	1
সবুজফুটকি	1
সোনালিডোরা	1
হাঁসঠুঁটি	1
সংবহনতান্ত্রিক	1
গন্ধরস	1
সাইফোনোগ্যামি	1
অ্যারিডেস	1
কণ্টকগুল্মফল	1
একবর্ষজীবী	7
নীলবনলতা	1
মায়োসোটিস	1
সিলভাটিকা	1
রম্ভাদম্ভ	1
শিবজটা	1
সরলপাতি	1
মটমটিয়া	1
অ্যাসফোডেলাস	1
ওয়াটসোনিয়া	1
কাঁথাঝুলি	1
কাকমাচি	1
ক্যাজুপুট	1
স্পাইনোসাম	1
টুটসান	1
ট্রাইকোসানথেস	1
ওরিয়েন্টালিস	1
ডুলিচাঁপা	1
দইগোটা	1
দাদমর্দন	1
দারুহরিদ্রা	1
নীলমণিলতা	1
মারটিফোলিয়া	1
পাটখই	1
পালসেটিলা	1
পিটোস্পোরাম	1
বনমরিচ	1
বারসুঙ্গা	1
মেষশৃঙ্গ	1
রাখালচিতা	1
গ্রেভিলিয়া	1
রোজিডক	1
হাড়জোড়া	1
রেসিমোসা	1
গড়শিঙ্গা	1
পাখিফুল	1
ফিলিপিকা	1
অ্যালবিডেলা	1
কেশরদাম	1
ক্ষুদিপানা	1
গুঁড়িপানা	1
টেফ্রোসিয়া	1
ডেনড্রোকনাইড	1
মোরয়েডস	1
শান্তিবৃক্ষ	1
চীড়বৃক্ষ	1
বনকাঞ্চন	1
ট্রায়ান্থা	1
অক্সিডেন্টালিস	1
বিগ্নোনিয়াসি	1
ব্যাঙ্গিওমর্ফা	1
স্ফেরোপ্লিয়া	1
নিষেবক	1
অস্ট্রোপা	1
ট্রিগারফিশ	1
কার্নোটরাস	1
খন্ডকায়ন	1
সাইনোসেফালি	1
অ্যানিলিডা	1
অ্যাবালোন	1
ট্রাইলোবাইট	1
ডিসফানিয়া	1
ব্যাঙরূপী	1
নটোকর্ড	1
মৌমোম	1
অর্নিথিস্কিয়া	1
অ্যালোসরাস	1
এডমন্টোসরাস	1
ওডোন্টোচেলিস	1
কেন্ট্রোসরাস	1
টাইরানোসরাস	1
ডিপলোডোকাস	1
থাইরিওফোরা	1
থেরোপোডা	1
শুভোসরাস	1
সরোপোডোমর্ফা	1
স্টেগোসরাস	1
স্টেগোসরিয়া	1
হাইপসিরোপাস	1
হুয়ায়াঙ্গোসরাস	1
কালোগ্রীব	1
দ্বিপার্শ্বপ্রতিসম	1
ইউমেটাজোয়া	1
অপ্রজননগত	1
বীর্যসেচন	1
তারিঙ্গা	1
আর্মাডিলো	1
ওলিঙ্গিতো	1
গঙ্গাশুশুক	1
তীক্ষ্ণদন্তী	1
জয়বাণ	1
মলটভ	1
লোটারিং	1
ঘাসকাটা	1
পিচফর্ক	1
অগ্নিকম্বল	1
অটোকলিমেটর	1
ক্রোনোগ্রাফ	1
গ্যালভানোমিটার	1
ট্যাকিওমিতি	1
পটেনশিওমিটার	1
ভূকম্পমাপক	1
মাল্টিমিটার	1
বিলবণীকরণ	1
বিরামঘড়ি	1
স্পেকট্রোফটোমিটার	1
মুক্তকরার	1
উইন্সলো	1
সৃতিবিজ্ঞান	5
বন্ধনীযুক্ত	1
ভাইব্রোইজাকুলেশন	1
নভলিখন	1
দূরচিকিৎসা	1
বধিরবান্ধব	1
অনুসংলাপ	1
ভিডিওটেলিফোনি	1
তাপিশ্রী	23
বিজয়ীগণ	13
নছীমের	9
সুরকৃত	7
কবিসম্মাননা	6
লালওয়ানি	5
ডিস্কোগ্রাফি	5
খ্রিষ্টাব্দকালীন	5
গৃহগণনা	40
জনশুমারি	40
জনপরিসংখ্যান	30
জনউপাত্ত	18
যদুপুর	17
মাদ্রাসাগুলোতেও	16
মুদ্রাবাজারকে	15
প্লাইসটোসিন	15
নৌযাতায়াতের	12
গংগাচড়ার	12
দারুশিল্প	10
তথ্যছক	10
মানোন্নীত	9
ইউনিয়নসমূহঃ	8
দৌলতগঞ্জ	8
আরাকানীদের	8
বিতারা	8
গড়দলিপা	8
কবুরহাট	8
যেকোনও	14
হিরাম	7
কররানী	7
লক্ষণপুর	7
গঙ্গারিডাই	7
বংশধরগণ	7
মহকুমাধীন	7
পাকহানাদার	7
ঝাড়কাটা	7
হেমনগর	7
ভূমিজরিপ	7
দোবরাজপাথর	7
মুলাই	7
রখইং	7
ধবলগুড়ি	7
পতিতালয়টি	7
মহাপ্রাণধ্বনি	6
নাথেরপেটুয়া	6
ব্যবসায়ীগণ	6
বাটিকামারা	6
বসববাস	6
খ্রিস্টপূর্বে	6
সুলতানশাহী	6
বাড়তেছে	6
সিংহজানী	6
জমিদারগণ	6
লাউহাটি	6
ভেলাপুকুর	6
ছিলছত্রের	6
শুভখিলা	6
লংকাডু	6
বহালবাড়ীয়া	6
সংখ্যানুসারে	6
ডেইরী	5
গ্রিকবীর	5
দ্বাদশাদিত্য	5
গোপচন্দ্র	5
নরেন্দ্রাদিত্য	5
সমাচারদেব	5
বিগ্রহপালের	5
হরিকেলের	5
নাব্যমন্ডল	5
ঘোলদাড়ী	5
চুঙ্গো	5
খাসবাগুড়ী	5
নেকজাহান	5
বাঁশশিল্প	5
দুরমুট	5
হুসাইনিয়া	5
কৃষকগণ	5
মধুপুরকে	5
রামাগাড়ী	5
সিঙ্গেরগাড়ী	5
পুর্তগীজ	5
গংগাচড়ায়	5
কামিনীবাসিয়া	6
সড়াবাড়ীয়া	6
খয়েরহুদা	6
পাঁচলিয়া	5
পুরন্দরপুর	5
অ্যাসিডের	40
মনোস্যাকারাইড	9
খাদ্যতালিকাগত	24
অ্যান্টিঅক্সিডেন্ট	23
মারমাইট	17
লাইকোপিনের	17
আচারযুক্ত	14
কর্ণওয়ালে	14
উৎসেচক	12
ক্যারোটিনয়েড	12
স্ট্যু	11
ল্যাক্টো	11
গ্লুটেনিন	11
রসকদম্বের	11
নুডল	10
ভর্তার	10
স্ট্যাকের	9
ভেজিমাইট	9
জৈবভর	9
পলিফেনল	9
লিনোলেনিক	9
গাঁজনকৃত	9
বংশাণুগত	9
স্বাদবর্ধক	8
মিগ্রা	8
মাফতৌল	8
গ্লাইকোঅ্যালকালয়েড	8
বংশাণুগতভাবে	8
প্রিমোক্যান	8
আনস্যাচুরেটেড	7
ফ্যালাসের	7
রন্ধনসম্পর্কিত	7
হাইড্রোলাইজড	7
হাইড্রোজেনেটেড	7
খামিরযুক্ত	7
জুশি	7
পেস্টিতে	7
লিনসিড	7
টডলারদের	7
ওভোমল্টাইন	7
বীজযুক্ত	7
রুটিজাতীয়	7
এরগোটিজম	7
ফ্রুটিং	7
হাথর্ন	7
ক্রাটেইগাস	7
বায়োরিয়েক্টর	7
জালাপেনো	6
ডাইস্যাকারাইড	6
গোচুজাং	6
মেসোআমেরিকান	6
গ্লুটেনের	6
সেনোভিস	6
প্রিবায়োটিক	6
ভোজনপ্রণালী	6
রিকম্বিন্যান্ট	6
গ্লুকোসাইড	6
স্টারজন	6
লিনোলিয়াম	6
জাতগুলিতে	6
গিনিপিগকে	6
বেলডাঙার	6
আইওয়াইডব্লিউএফ	5
ডংচিমি	5
ফন্ডেন্ট	5
কেককে	5
ভোজনকে	5
কোষগুলিকে	5
হজমযোগ্য	5
টেপিওকা	5
ক্যারামেলাইজড	5
জাফরনের	5
চিজকেকের	5
ভেগান	5
সংযোজনদ্রব্য	5
ফ্ল্যাক্সসিড	5
গ্লিয়াডিন	5
অ্যাক্রিলামাইড	5
কর্ণিশ	5
চিজবার্গারের	5
আইসোথায়োসায়ানেট	5
কুসকুসকে	5
অ্যাপ্রিকট	5
মল্টেড	5
স্তরযুক্ত	5
ভারেনিকির	5
সোলানিনের	5
গণভুক্ত	5
ফিনোলিক	5
থোর্নলেস	5
ঘণ্টের	5
সিমলাপালের	5
ভাতকলি	5
কিউরিংয়ের	5
অস্ট্রোনেশীয়	5
ভ্রূণীয়	5
জেলটিন	5
বাকলাভা	5
আনন্দমঠ	40
হারানবাবু	40
বৌদ্ধগান	40
ধর্ম্ম	40
ভণই	40
কৃষ্ণদয়াল	40
জগৎসিংহ	40
বিনয়বাবু	40
বরদাসুন্দরী	40
হরিমোহিনী	40
হেমনলিনী	40
তস্মাৎ	40
হারানবাবুর	40
ক্রিয়তে	40
অন্নদাবাবু	39
জগৎসিংহের	38
হরসুন্দরী	37
রাইচরণ	36
শ্যামাসুন্দরী	34
দোঁহাকোষ	34
চঞ্চলকুমারী	34
হেমনলিনীর	32
কিয়ৎক্ষণ	31
সতীশকে	30
মহেন্দ্রকে	30
বীরেন্দ্রসিংহ	30
আনন্দমঠে	28
রাধামুকুন্দ	27
তৃতীয়পদেন	27
মধুকৈটভারে	26
বরদাসুন্দরীর	26
হরিমোহিনীর	25
বীরেন্দ্রসিংহের	24
কৃত্বা	24
নবকুমারকে	23
মুখুয্যে	23
সজনীকান্ত	23
বোধিচিত্তং	23
বেণ্ডল	22
গৃহীত্বা	22
পৌঁছিল	21
মুখুয্যের	21
সরহপাদাঃ	21
চঞ্চলকুমারীর	21
সর্ব্বে	20
ধীরানন্দ	19
ময়নাদ্বীপে	19
জায়তে	19
জ্ঞানং	19
পৌঁছিতে	18
নবীনানন্দ	18
দুর্গমধ্যে	18
ময়নাদ্বীপ	18
ধর্ম্মঠাকুরের	18
তেষাং	18
গৃহমধ্যে	17
কেতুপুরের	17
ডাকার্ণব	17
চুনিবাবু	16
প্রবোধকুমার	16
দোহাকোষ	16
ভবতীতি	16
হরসুন্দরীর	15
রাইচরণের	15
হারানবাবুকে	15
আমিনবাড়ি	15
নির্ব্বাণং	15
ভেল্ড	15
ইহারই	14
অরণ্যমধ্যে	14
পানুবাবুর	14
ময়নাদ্বীপের	14
যুগীর	14
শ্যামাদাস	14
ধর্ম্মঠাকুর	14
মাণিকলালের	14
শুনিবামাত্র	13
কক্ষমধ্যে	13
শ্যামাদাসের	13
তেঙ্গুরে	13
বিদ্যতে	13
যোগীন্দ্রস্য	13
সরোজবজ্র	13
তাহাদেরই	12
খুড়ীমা	12
বিনয়বাবুকে	12
স্বয়মেব	12
শোভনলালের	12
ুয়ে	12
পাড়াগাঁর	12
এইজন্যই	11
হইয়	11
বিনয়বাবুর	11
জাঁহাগীর	11
মেজোবাবু	11
তথাচোক্তং	11
চাগমঃ	11
বিপ্রদাসকে	11
চারিটা	10
কথাগুলা	10
শম্ভুনাথবাবু	10
কতকগুলা	10
মুহূর্ত্তেই	10
তাৎপর্য্য	10
বৌদ্ধদিগের	10
জীবানন্দকে	10
মন্দিরমধ্যে	10
কৃষ্ণদয়ালের	10
রমেশদা	10
পুথিখানি	10
লভ্যতে	10
ঈদৃশং	10
তইলা	10
পানওয়ালী	10
রাইচরণকে	9
সকুমারী	9
সন্তানদিগের	9
অভিরামস্বামী	9
কুবেরও	9
সহজযানের	9
বিলসই	9
পুণু	9
গচ্ছতি	9
বোদ্ধব্যং	9
আলভারেজকে	26
অবনীশ	9
অবনীশের	9
গুহামধ্যে	9
সত্যসত্যই	8
সম্মুখস্থ	8
বিশ্বম্ভরবাবু	8
অধিকক্ষণ	8
ভবানীচরণকে	8
প্যারিশংকর	8
প্রত্যহই	8
করিনে	8
মনোমধ্যে	8
শ্যামাসুন্দরীর	8
বেণীবাবু	8
যুগইলা	8
চরডাঙায়	8
জইসো	8
ণঠা	8
নাথপন্থ	8
পুথিখানার	8
কীদৃশং	8
জ্ঞেয়ং	8
কর্ম্মণা	8
কৃষ্ণাচার্য্যপাদাঃ	8
সম্বোধ্য	8
জোইনি	8
শঙ্করও	8
শোভনলাল	8
রজবপুরে	8
বউরানীর	8
বড়ঠাকুর	8
কালীদহে	8
করিবামাত্র	7
কিয়ৎকাল	7
তুলিয়াছিল	7
গুড়গুড়ির	7
গৃহাভিমুখে	7
বইখানি	7
স্ত্রীলোকটি	7
ভাদুড়িসাহেবের	7
মুখুয্যেদের	7
ঊর্দ্ধশ্বাসে	7
রুণের	7
আনন্দমঠের	7
দেবমন্দির	7
ডনিওয়ার্থ	7
গৌরমোহনবাবুকে	7
জাঁহাগীরের	7
হৃদয়মধ্যে	7
ভাঁড়ারের	7
আমিনবাড়ির	7
চরডাঙা	7
মঞ্জুবজ্রের	7
বোধিচর্য্যাবতার	7
দৃষ্টং	7
ইন্দ্রিয়ং	7
বোধিচিত্তরূপ	7
অন্ত্যটীকা	7
বচনাৎ	7
অন্যচ্চ	7
গৃহ্যতে	7
স্পষ্টয়ন্নাহ	7
রোডেসিয়ার	7
রাজসিংহকে	7
রন্ধ্রমুখে	7
নির্ম্মলকে	7
কঁদিতে	6
দানপ্রতিদান	6
করুণস্বরে	6
বড়োবউয়ের	6
মেজোবউকে	6
লোকদিগকে	6
পৌঁছিয়াছে	6
তক্তপোষের	6
জানকীবাবু	6
ছেলেবেলাকার	6
বগলাচরণ	6
বিষয়সম্পত্তি	6
সন্দেহমাত্র	6
অনাথাসদনের	6
ভুবনবাবু	6
দেবদাদার	6
চায	6
যতীনদা	6
মুহূর্ত্তকাল	6
অনিবার্য্য	6
কদর্য্য	6
কুমারজী	6
পুঁটুলিটা	6
গবর্ণমেণ্টের	6
বৃক্ষমূলে	6
শস্যশালিনী	6
সিপাহীদিগের	6
হিন্দুরাজ্য	6
অন্তর্ব্বিষয়ক	6
হিঁদুয়ানি	6
গৌরমোহনবাবু	6
গৌরবাবুর	6
গৌরমোহনবাবুর	6
রূপরাশি	6
সেনাগণ	6
অশ্বারোহিগণ	6
খলু	6
বেণীকে	6
বাঁড়ুয্যে	6
পীতমকে	6
সরোজবজ্রের	6
কয়খানি	6
অদ্বয়বজ্রের	6
হোন্তি	6
পুথিখানায়	6
অচ্ছসি	6
পথাতীত	6
দুখেতেঁ	6
চেবই	6
বিস্ফুরন্তি	6
বিষয়ং	6
পহন্তো	6
সন্ধ্যাভাষয়া	6
মহাসুখচক্রে	6
বোধিচিত্ত	6
তাদৃশং	6
গুরূপদেশাৎ	6
খজ্জই	6
সহজানন্দে	6
কুক্কুরীপাদ	6
সম্ভোগচক্রে	6
উপাড়ী	6
ভইলা	6
রত্নাকরশান্তি	6
অহারিউ	6
অবধূতিকা	6
মণিমূলে	6
ভ্রমতীতি	6
ভেল্ডের	6
টর্চ্চটা	6
যতিশংকর	6
মিলনতত্ত্ব	6
মোগলসেনা	6
মাণিকলালকে	6
বেঙ্কটস্বামী	6
বউরানীকে	6
বাণীকণ্ঠের	5
বাপমায়ের	5
সরোদনে	5
উহারও	5
মেজোবউয়ের	5
খুড়িমা	5
শিবনাথপণ্ডিত	5
দেবসেবায়	5
কাতরস্বরে	5
স্ত্রীলোককে	5
হুঁকাটি	5
অছিমদ্দি	5
ব্রাহ্মণও	5
রুদ্ধকণ্ঠে	5
উগ্রভাবে	5
খোট্টার	5
গুরুঠাকুরের	5
শৈলেনকে	5
বড়ছেলে	5
শুষ্কমুখে	5
মাধুর্য্য	5
চায্যিমশাই	5
ঐশ্বর্য্য	5
সুফলাং	5
কুটীরমধ্যে	5
ভূমিখণ্ডে	5
ভবানন্দকে	5
মহেন্দ্রও	5
ধীরানন্দের	5
কুমারসম্ভব	5
নবীনানন্দের	5
বরদাসুন্দরীকে	5
ললিতাদিদি	5
হরিমোহিনীকে	5
লক্ষ্ণীমণি	5
মুখকান্তি	5
করোমি	5
পাঠানদিগের	5
পানীয়ং	5
শিবিকারোহণে	5
কৃতকার্য্য	5
বীরপঞ্চমী	5
জগৎসিংহকে	5
মান্দারণে	5
মধুরস্বরে	5
রত্নবলয়	5
বীরেন্দ্রসিংহকে	5
মাণিকপীরের	5
মোছলমান	5
আচায্যি	5
যুগীকে	5
সরোরুহবজ্র	5
ভবনির্বাণা	5
বন্ধাবএ	5
শান্তিদেবকে	5
বঙ্গাল	5
তেঙ্গুরের	5
মীননাথের	5
ঠিঅ	5
অক্খরু	5
সহাবই	5
পহন্তই	5
মন্তপউ	5
বিধৃত্য	5
লোকস্য	5
সাধিতং	5
দৃষ্ট্বা	5
প্রতিভাসতে	5
লক্ষিতং	5
এক্কু	5
করিষ্যসি	5
পৃচ্ছতি	5
যোগিনাং	5
মহাসুখং	5
ক্ষণমপি	5
নিজগৃহিণী	5
কেড়ুআল	5
কপালটুকী	5
ইত্যর্থঃ	5
কমলরস	5
যোগীন্দ্রেণ	5
কিজ্জই	5
অমিতদা	5
মিশ্রঠাকুর	5
দুরারোহণীয়	5
নবগোপাল	5
বড়ঠাকুরের	5
অক্ষয়বাবু	5
ুনে	5
বিন্না	40
স্ন্যাপড্রাগন	29
ভোটেকোশি	25
মাছুয়াপাড়ায়	25
এক্সিলারেট	24
ডাইমেনসিটি	23
এনেমা	23
হিমবাহধসে	21
হিউম্যানয়েড	18
মোফোকেংয়ের	17
অ্যান্ডা	16
হিমবাহধস	15
এক্সপালস	15
আওয়ারাপন	15
ট্রেইটর্স	15
রসচিঠি	14
জয়শঙ্কর	14
অঙ্কিতের	14
কারুবাকী	14
সেতারুজ্জামান	14
বিএফআইইউ	13
হিমবাহধসের	13
হেগসেথের	12
নুয়াকোট	12
সেরোটাইপের	11
কিয়োসাকির	11
কাঠমান্ডুভিত্তিক	11
জলবিদ্যুৎকেন্দ্রের	11
বিওয়াইডির	11
মোখলেছারের	11
চার্মিলার	11
ভেটিভার	11
ভাঁজযোগ্য	11
ছাদভিত্তিক	11
দেং	11
ভোতেকোশি	11
বেয়ারবক	11
নাজমুজ্জামান	10
এফএসআরইউ	10
গুমবিরোধী	10
উত্তুরেল্যাঞ্জা	10
রাপ্তি	10
হিবার্টের	10
নিহারকলি	10
দেখভালকারীদের	10
রেডমি	9
ঘটাংঘট	9
কার্সকে	9
ডিপজলকেও	9
ফালানী	9
হুইসেলব্লোয়ারদের	9
ঝিকোভিচ	9
শতকোটিপতির	8
স্ক্রিনটাইম	8
শামসউজজোহা	8
বায়োইকুইভ্যালেন্ট	8
মারেসকার	8
এনএইচআরআই	8
টার্মিনালস	8
ইসিমডের	8
ইনভাইট	8
মাছুয়াপাড়ার	8
খানকাহতে	8
পাড়িক্কাল	8
আমরোহির	8
কেয়ারনিকা	8
টিজিআইয়ের	8
ম্যালওয়্যারটি	8
তালহাজুর	8
বিজেএস	7
মারকেটর	7
লেটোগান	7
পানিহাটি	7
আইটিআইএ	7
অ্যাস্ট্রা	7
কামিন্সও	7
কিয়োসাকি	7
আউটকাস্ট	7
টার্নাসকে	7
কন্যাশিশুসহ	7
গুমসংক্রান্ত	7
টার্মিনালসের	7
জোয়ালকে	7
সিদ্ধার্থকে	7
হিরোসাকি	7
টিপুনগর	7
পুকোভস্কি	7
কনকাশন	7
ট্র্যাজিক্যালি	7
ধলডাঙ্গা	7
কন্টিনাম	7
জয়োজিত	7
টোয়িং	7
মন্টেসিটোয়	7
ডিএজেডএন	7
স্ট্রাইপসের	7
বরিহাটী	7
মুজাহিদুলকে	7
স্তবকই	7
ইনসিডিয়াস	7
ঝিকোভিচের	7
শতকোটিপতিদের	6
সেরোটাইপ	6
ফোরথিং	6
বিলংগিং	6
প্যারীসুন্দরী	6
ইয়াইয়োই	6
এসআরবির	6
লাফার্জহোলসিম	6
ফিনালিসিমা	6
লেভানডফস্কি	6
সন্তানডারে	6
পনিরসহ	6
ছাগলাপাড়ার	6
অল্টারনেটিভসের	6
এফএসআরইউর	6
নাইনটুফাইভম্যাক	6
ডিডিএলজে	6
মাইনগুলো	6
বিএফআইইউর	6
ব্রাইডন	6
ডেথরেফারেন্স	6
টেকগ্লোবাল	6
এমআরএইচ	6
বিশ্বতারকা	6
প্রেমভিত্তিক	6
ৎসাউবারলেয়ারলিং	6
রাফালকে	6
এনইউএস	6
ভূতেরদিয়া	6
মাশিয়াতের	6
কনকাশনের	6
ডিবিইউ	6
মন্টেসিটোর	6
বেয়ারবকের	6
স্যান্ডবক্সের	6
লেডেরার	6
বরিহাটীতে	6
ডিটুসি	6
ল্যান্টার্নের	6
লক্ষ্মীকুঞ্জে	6
ফারহানাসহ	6
ইয়ারমোলিয়েভ	6
শুকোহ	6
পিকঅ্যাক্স	5
সোসিয়েদাদের	5
পুনর্নিরীক্ষণসহ	5
লেটোগানের	5
ইসিমোড	5
বিনোদের	5
ফুডপ্যান্ডা	5
ক্নপ্ফ	5
রাবারাইজড	5
রাসুয়াগাড়ি	5
ডেস্টিনিজ	5
তেৎসুইয়া	5
ইয়ামাগাতার	5
ধলনগর	5
ফাইভজি	5
দৃশ্যভাষা	5
মূল্যবৃদ্ধিসহ	5
আটককেন্দ্র	5
সামানজার	5
মোমোগুলো	5
বনকাঁকরোল	5
সোসিয়েদাদ	5
ফোল্ডেবল	5
ক্যান্টিনবয়	5
উত্তুরেখুন্তে	5
গ্লাসডোরের	5
মোফোকেং	5
ডানজিগ	5
অ্যাপ্রেন্টিসশিপ	5
অবসরবার্তার	5
এএসআরসি	5
গুমবিষয়ক	5
ড্রিসকলের	5
ড্রিমলাইনার	5
টাইলচক	5
টনসর	5
ডিসক্যালকুলিয়া	5
ডিসক্যালকুলিয়ার	5
পুনঃএকত্রীকরণ	5
চিমটিবিল	5
খাডকা	5
আয়রনমঙ্গার	5
এনডিআরআরএমএ	5
যৌনাকাঙ্ক্ষা	5
হরিয়ানভি	5
নুয়াকোটের	5
লিয়ার্স	5
কিনডেল	5
আরসা	5
গ্লিমট	5
চিয়াংগং	5
মানবকণ্ঠের	5
ভূমিধসকে	5
গোসাইকুন্ড	5
বিপিএসএসপিএ	5
ট্যাপম্যাড	5
টিপুনগরের	5
কনকাশনে	5
পুকোভস্কির	5
এন্ডস	5
বালডোনির	5
বালডোনি	5
পাওয়ারাসের	5
ইমিউনোথেরাপির	5
প্রেডিক্ট	5
লিলিবেটকে	5
সিফাতসহ	5
লোচাব	5
দাইকি	5
এএনএল	5
নিউজপেপার্সের	5
অ্যানিউরিজম	5
অসফের	5
স্যানিটারিওয়্যারের	5
